"variant","shader","bytes","sha256"
"baseline","open_pbr_surface_pixel.glsl","99594","6853E44B7092AB41ACEECD49CC9C6C507DF9D86E0C760F92C07F35294799F765"
"baseline","open_pbr_surface_vertex.glsl","1999","6D4B945A341E10F8308BA0029597B753BBCB37ED5CD733943258F77A15F8B90E"
"baseline","standard_surface_pixel.glsl","82165","6384F33DC38317DEFEFD5ACD27EFB6DD4C38A7162BD89DDC0A92658C7225481F"
"baseline","standard_surface_vertex.glsl","1999","6D4B945A341E10F8308BA0029597B753BBCB37ED5CD733943258F77A15F8B90E"
"reserved","open_pbr_surface_pixel.glsl","99594","6853E44B7092AB41ACEECD49CC9C6C507DF9D86E0C760F92C07F35294799F765"
"reserved","open_pbr_surface_vertex.glsl","1999","6D4B945A341E10F8308BA0029597B753BBCB37ED5CD733943258F77A15F8B90E"
"reserved","standard_surface_pixel.glsl","82165","6384F33DC38317DEFEFD5ACD27EFB6DD4C38A7162BD89DDC0A92658C7225481F"
"reserved","standard_surface_vertex.glsl","1999","6D4B945A341E10F8308BA0029597B753BBCB37ED5CD733943258F77A15F8B90E"
"targets","open_pbr_surface_pixel.glsl","99594","6853E44B7092AB41ACEECD49CC9C6C507DF9D86E0C760F92C07F35294799F765"
"targets","open_pbr_surface_vertex.glsl","1999","6D4B945A341E10F8308BA0029597B753BBCB37ED5CD733943258F77A15F8B90E"
"targets","standard_surface_pixel.glsl","82165","6384F33DC38317DEFEFD5ACD27EFB6DD4C38A7162BD89DDC0A92658C7225481F"
"targets","standard_surface_vertex.glsl","1999","6D4B945A341E10F8308BA0029597B753BBCB37ED5CD733943258F77A15F8B90E"
"lookup","open_pbr_surface_pixel.glsl","99594","6853E44B7092AB41ACEECD49CC9C6C507DF9D86E0C760F92C07F35294799F765"
"lookup","open_pbr_surface_vertex.glsl","1999","6D4B945A341E10F8308BA0029597B753BBCB37ED5CD733943258F77A15F8B90E"
"lookup","standard_surface_pixel.glsl","82165","6384F33DC38317DEFEFD5ACD27EFB6DD4C38A7162BD89DDC0A92658C7225481F"
"lookup","standard_surface_vertex.glsl","1999","6D4B945A341E10F8308BA0029597B753BBCB37ED5CD733943258F77A15F8B90E"
"interfaces","open_pbr_surface_pixel.glsl","99594","6853E44B7092AB41ACEECD49CC9C6C507DF9D86E0C760F92C07F35294799F765"
"interfaces","open_pbr_surface_vertex.glsl","1999","6D4B945A341E10F8308BA0029597B753BBCB37ED5CD733943258F77A15F8B90E"
"interfaces","standard_surface_pixel.glsl","82165","6384F33DC38317DEFEFD5ACD27EFB6DD4C38A7162BD89DDC0A92658C7225481F"
"interfaces","standard_surface_vertex.glsl","1999","6D4B945A341E10F8308BA0029597B753BBCB37ED5CD733943258F77A15F8B90E"
"combined","open_pbr_surface_pixel.glsl","99594","6853E44B7092AB41ACEECD49CC9C6C507DF9D86E0C760F92C07F35294799F765"
"combined","open_pbr_surface_vertex.glsl","1999","6D4B945A341E10F8308BA0029597B753BBCB37ED5CD733943258F77A15F8B90E"
"combined","standard_surface_pixel.glsl","82165","6384F33DC38317DEFEFD5ACD27EFB6DD4C38A7162BD89DDC0A92658C7225481F"
"combined","standard_surface_vertex.glsl","1999","6D4B945A341E10F8308BA0029597B753BBCB37ED5CD733943258F77A15F8B90E"
