"candidate","workload","pairs","baseline_ns","candidate_ns","median_reduction_percent","min_reduction_percent","max_reduction_percent"
"reserved","valid_name","8","411.696","133.26","67.59","65.9","68.39"
"reserved","reserved_name","8","132.051","50.328","61.66","60.81","62.86"
"reserved","target_single_hit","8","228.364","225.113","2.02","-4.86","7.86"
"reserved","target_single_miss","8","196.323","192.142","2.33","-0.87","5.01"
"reserved","target_list","8","379.386","369.852","1.87","-2.61","7.15"
"reserved","node_def","8","2286","2281.31","0","-2.36","1.19"
"reserved","implementation","8","604.636","603.067","0.73","-2.34","1.72"
"reserved","active_inputs_16","8","1783.705","1768.11","0.81","-2.26","18.17"
"reserved","active_outputs_1","8","715.257","713.362","-0.06","-6.44","0.68"
"reserved","standard_surface","8","6760070","6673150","3.55","-22.88","10.96"
"reserved","open_pbr_surface","8","7990000","7701515","2.28","-18.51","10.8"
"targets","valid_name","8","413.338","415.626","-1.1","-14.17","2.43"
"targets","reserved_name","8","132.209","132.177","-0.53","-26.73","3.11"
"targets","target_single_hit","8","230.566","15.784","93.17","92.31","93.78"
"targets","target_single_miss","8","194.861","14.583","92.59","92.16","93.23"
"targets","target_list","8","373.801","283.418","24.12","18.34","25.82"
"targets","node_def","8","2282.35","2263.585","0.42","-2.67","2.76"
"targets","implementation","8","610.801","605.632","1.97","-1.26","6.42"
"targets","active_inputs_16","8","1814.135","1797.78","1.18","-1.18","5.89"
"targets","active_outputs_1","8","715.862","714.434","-0.18","-4.31","4.45"
"targets","standard_surface","8","6740515","6626905","1.98","-3.56","11.53"
"targets","open_pbr_surface","8","8067490","7948160","1.97","-5.87","12.97"
"lookup","valid_name","8","410.255","410.964","0.34","-3.03","1.63"
"lookup","reserved_name","8","132.044","131.654","0.3","-7.06","3.52"
"lookup","target_single_hit","8","226.527","232.318","-2.08","-10.53","2.29"
"lookup","target_single_miss","8","195.603","196.266","-1.18","-3.87","3.86"
"lookup","target_list","8","373.186","373.086","-0.58","-3.65","2.97"
"lookup","node_def","8","2268.845","2100.31","7.68","6.11","8.76"
"lookup","implementation","8","607.812","357.511","41.32","39.92","46.7"
"lookup","active_inputs_16","8","1783.005","1798.675","-1.04","-14.7","4.73"
"lookup","active_outputs_1","8","710.494","707.711","0.19","-1.51","3.87"
"lookup","standard_surface","8","6724805","6649480","0.95","-8.7","7.92"
"lookup","open_pbr_surface","8","7899745","7915245","-2.35","-8.82","7.41"
"interfaces","valid_name","8","410.557","412.31","-0.66","-3.03","2.15"
"interfaces","reserved_name","8","130.618","133.377","-1.99","-8.94","2.07"
"interfaces","target_single_hit","8","224.712","226.264","-0.8","-4.61","2.5"
"interfaces","target_single_miss","8","193.389","193.492","-0.18","-4.34","2.63"
"interfaces","target_list","8","369.152","371.914","-0.87","-2.36","1.96"
"interfaces","node_def","8","2275.155","2088.83","8.03","7.39","10.34"
"interfaces","implementation","8","608.791","606.556","0.85","-1.06","5.98"
"interfaces","active_inputs_16","8","1783.865","703.22","60.31","59.3","61.57"
"interfaces","active_outputs_1","8","716.13","458.508","35.58","32.45","40.03"
"interfaces","standard_surface","8","6615485","6355350","3.21","-14.87","11.06"
"interfaces","open_pbr_surface","8","7744620","7458805","5.05","-2.89","8.53"
"combined","valid_name","8","413.908","131.034","68.14","67.19","68.72"
"combined","reserved_name","8","131.075","50.945","61.03","60.38","62.62"
"combined","target_single_hit","8","226.73","15.84","93","92.9","93.05"
"combined","target_single_miss","8","193.284","14.452","92.53","92.27","92.96"
"combined","target_list","8","368.162","285.808","22.49","21.15","24.16"
"combined","node_def","8","2271.33","1896.875","16.49","16.11","18.56"
"combined","implementation","8","605.734","359.079","40.64","39.51","42.33"
"combined","active_inputs_16","8","1783.855","701.38","60.82","59.84","62.46"
"combined","active_outputs_1","8","711.791","458.195","35.48","35.03","36.73"
"combined","standard_surface","8","6773130","6054065","11.02","1.07","21.94"
"combined","open_pbr_surface","8","7855440","7065515","10.16","7.33","22.1"
