round,candidate,variant,order,mode,workload,iterations,ns_per_op,checksum
0,reserved,baseline,0,micro,valid_name,100000,412.131,2300000
0,reserved,baseline,0,micro,reserved_name,100000,132.667,600000
0,reserved,baseline,0,micro,target_single_hit,100000,242.708,100000
0,reserved,baseline,0,micro,target_single_miss,100000,202.24,0
0,reserved,baseline,0,micro,target_list,100000,379.18,100000
0,reserved,baseline,0,micro,node_def,100000,2277.67,100000
0,reserved,baseline,0,micro,implementation,100000,604.02,100000
0,reserved,baseline,0,micro,active_inputs_16,100000,1773.3,1600000
0,reserved,baseline,0,micro,active_outputs_1,100000,712.794,100000
0,reserved,baseline,0,generate,standard_surface,150,6.70379e+06,12624600
0,reserved,baseline,0,generate,open_pbr_surface,150,7.97715e+06,15238950
0,reserved,reserved,1,micro,valid_name,100000,131.256,2300000
0,reserved,reserved,1,micro,reserved_name,100000,49.852,600000
0,reserved,reserved,1,micro,target_single_hit,100000,223.643,100000
0,reserved,reserved,1,micro,target_single_miss,100000,192.101,0
0,reserved,reserved,1,micro,target_list,100000,362.14,100000
0,reserved,reserved,1,micro,node_def,100000,2261.48,100000
0,reserved,reserved,1,micro,implementation,100000,596.413,100000
0,reserved,reserved,1,micro,active_inputs_16,100000,1760.3,1600000
0,reserved,reserved,1,micro,active_outputs_1,100000,707.925,100000
0,reserved,reserved,1,generate,standard_surface,150,6.47597e+06,12624600
0,reserved,reserved,1,generate,open_pbr_surface,150,7.72974e+06,15238950
0,targets,baseline,0,micro,valid_name,100000,413.747,2300000
0,targets,baseline,0,micro,reserved_name,100000,132.661,600000
0,targets,baseline,0,micro,target_single_hit,100000,229.791,100000
0,targets,baseline,0,micro,target_single_miss,100000,193.639,0
0,targets,baseline,0,micro,target_list,100000,372.059,100000
0,targets,baseline,0,micro,node_def,100000,2256.34,100000
0,targets,baseline,0,micro,implementation,100000,604.464,100000
0,targets,baseline,0,micro,active_inputs_16,100000,1803.47,1600000
0,targets,baseline,0,micro,active_outputs_1,100000,715.489,100000
0,targets,baseline,0,generate,standard_surface,150,6.58086e+06,12624600
0,targets,baseline,0,generate,open_pbr_surface,150,7.99224e+06,15238950
0,targets,targets,1,micro,valid_name,100000,472.356,2300000
0,targets,targets,1,micro,reserved_name,100000,168.122,600000
0,targets,targets,1,micro,target_single_hit,100000,17.675,100000
0,targets,targets,1,micro,target_single_miss,100000,14.607,0
0,targets,targets,1,micro,target_list,100000,303.841,100000
0,targets,targets,1,micro,node_def,100000,2316.69,100000
0,targets,targets,1,micro,implementation,100000,597.582,100000
0,targets,targets,1,micro,active_inputs_16,100000,1824.72,1600000
0,targets,targets,1,micro,active_outputs_1,100000,746.319,100000
0,targets,targets,1,generate,standard_surface,150,6.81536e+06,12624600
0,targets,targets,1,generate,open_pbr_surface,150,7.82581e+06,15238950
0,lookup,baseline,0,micro,valid_name,100000,408.509,2300000
0,lookup,baseline,0,micro,reserved_name,100000,130.635,600000
0,lookup,baseline,0,micro,target_single_hit,100000,223.074,100000
0,lookup,baseline,0,micro,target_single_miss,100000,195.958,0
0,lookup,baseline,0,micro,target_list,100000,372.59,100000
0,lookup,baseline,0,micro,node_def,100000,2286.91,100000
0,lookup,baseline,0,micro,implementation,100000,604.246,100000
0,lookup,baseline,0,micro,active_inputs_16,100000,1784,1600000
0,lookup,baseline,0,micro,active_outputs_1,100000,715.37,100000
0,lookup,baseline,0,generate,standard_surface,150,6.75329e+06,12624600
0,lookup,baseline,0,generate,open_pbr_surface,150,8.07256e+06,15238950
0,lookup,lookup,1,micro,valid_name,100000,420.881,2300000
0,lookup,lookup,1,micro,reserved_name,100000,139.855,600000
0,lookup,lookup,1,micro,target_single_hit,100000,246.566,100000
0,lookup,lookup,1,micro,target_single_miss,100000,198.687,0
0,lookup,lookup,1,micro,target_list,100000,371.808,100000
0,lookup,lookup,1,micro,node_def,100000,2109.64,100000
0,lookup,lookup,1,micro,implementation,100000,354.754,100000
0,lookup,lookup,1,micro,active_inputs_16,100000,1772.42,1600000
0,lookup,lookup,1,micro,active_outputs_1,100000,723.767,100000
0,lookup,lookup,1,generate,standard_surface,150,6.44763e+06,12624600
0,lookup,lookup,1,generate,open_pbr_surface,150,7.47464e+06,15238950
0,interfaces,baseline,0,micro,valid_name,100000,411.56,2300000
0,interfaces,baseline,0,micro,reserved_name,100000,130.524,600000
0,interfaces,baseline,0,micro,target_single_hit,100000,231.126,100000
0,interfaces,baseline,0,micro,target_single_miss,100000,197.346,0
0,interfaces,baseline,0,micro,target_list,100000,379.38,100000
0,interfaces,baseline,0,micro,node_def,100000,2279.67,100000
0,interfaces,baseline,0,micro,implementation,100000,605.814,100000
0,interfaces,baseline,0,micro,active_inputs_16,100000,1794.16,1600000
0,interfaces,baseline,0,micro,active_outputs_1,100000,718.829,100000
0,interfaces,baseline,0,generate,standard_surface,150,7.34788e+06,12624600
0,interfaces,baseline,0,generate,open_pbr_surface,150,8.58195e+06,15238950
0,interfaces,interfaces,1,micro,valid_name,100000,424.028,2300000
0,interfaces,interfaces,1,micro,reserved_name,100000,133.318,600000
0,interfaces,interfaces,1,micro,target_single_hit,100000,230.388,100000
0,interfaces,interfaces,1,micro,target_single_miss,100000,196.734,0
0,interfaces,interfaces,1,micro,target_list,100000,372.186,100000
0,interfaces,interfaces,1,micro,node_def,100000,2107.72,100000
0,interfaces,interfaces,1,micro,implementation,100000,612.213,100000
0,interfaces,interfaces,1,micro,active_inputs_16,100000,720.426,1600000
0,interfaces,interfaces,1,micro,active_outputs_1,100000,465.586,100000
0,interfaces,interfaces,1,generate,standard_surface,150,6.77888e+06,12624600
0,interfaces,interfaces,1,generate,open_pbr_surface,150,8.26109e+06,15238950
0,combined,baseline,0,micro,valid_name,100000,416.277,2300000
0,combined,baseline,0,micro,reserved_name,100000,132.472,600000
0,combined,baseline,0,micro,target_single_hit,100000,227.115,100000
0,combined,baseline,0,micro,target_single_miss,100000,193.605,0
0,combined,baseline,0,micro,target_list,100000,377.024,100000
0,combined,baseline,0,micro,node_def,100000,2307.45,100000
0,combined,baseline,0,micro,implementation,100000,614.571,100000
0,combined,baseline,0,micro,active_inputs_16,100000,1890.09,1600000
0,combined,baseline,0,micro,active_outputs_1,100000,711.55,100000
0,combined,baseline,0,generate,standard_surface,150,7.17252e+06,12624600
0,combined,baseline,0,generate,open_pbr_surface,150,8.54048e+06,15238950
0,combined,combined,1,micro,valid_name,100000,134.518,2300000
0,combined,combined,1,micro,reserved_name,100000,50.984,600000
0,combined,combined,1,micro,target_single_hit,100000,15.805,100000
0,combined,combined,1,micro,target_single_miss,100000,14.165,0
0,combined,combined,1,micro,target_list,100000,285.934,100000
0,combined,combined,1,micro,node_def,100000,1900.1,100000
0,combined,combined,1,micro,implementation,100000,358.374,100000
0,combined,combined,1,micro,active_inputs_16,100000,709.574,1600000
0,combined,combined,1,micro,active_outputs_1,100000,460.659,100000
0,combined,combined,1,generate,standard_surface,150,6.049e+06,12624600
0,combined,combined,1,generate,open_pbr_surface,150,7.07915e+06,15238950
1,targets,targets,0,micro,valid_name,100000,414.704,2300000
1,targets,targets,0,micro,reserved_name,100000,132.078,600000
1,targets,targets,0,micro,target_single_hit,100000,16.987,100000
1,targets,targets,0,micro,target_single_miss,100000,14.178,0
1,targets,targets,0,micro,target_list,100000,282.767,100000
1,targets,targets,0,micro,node_def,100000,2266.01,100000
1,targets,targets,0,micro,implementation,100000,608.137,100000
1,targets,targets,0,micro,active_inputs_16,100000,1793.13,1600000
1,targets,targets,0,micro,active_outputs_1,100000,713.21,100000
1,targets,targets,0,generate,standard_surface,150,6.3668e+06,12624600
1,targets,targets,0,generate,open_pbr_surface,150,7.90777e+06,15238950
1,targets,baseline,1,micro,valid_name,100000,408.108,2300000
1,targets,baseline,1,micro,reserved_name,100000,130.046,600000
1,targets,baseline,1,micro,target_single_hit,100000,228.537,100000
1,targets,baseline,1,micro,target_single_miss,100000,193.418,0
1,targets,baseline,1,micro,target_list,100000,368.327,100000
1,targets,baseline,1,micro,node_def,100000,2266.78,100000
1,targets,baseline,1,micro,implementation,100000,649.886,100000
1,targets,baseline,1,micro,active_inputs_16,100000,1795.21,1600000
1,targets,baseline,1,micro,active_outputs_1,100000,710.134,100000
1,targets,baseline,1,generate,standard_surface,150,6.82491e+06,12624600
1,targets,baseline,1,generate,open_pbr_surface,150,8.28253e+06,15238950
1,lookup,lookup,0,micro,valid_name,100000,407.653,2300000
1,lookup,lookup,0,micro,reserved_name,100000,131.904,600000
1,lookup,lookup,0,micro,target_single_hit,100000,233.44,100000
1,lookup,lookup,0,micro,target_single_miss,100000,196.207,0
1,lookup,lookup,0,micro,target_list,100000,380.321,100000
1,lookup,lookup,0,micro,node_def,100000,2088.98,100000
1,lookup,lookup,0,micro,implementation,100000,350.857,100000
1,lookup,lookup,0,micro,active_inputs_16,100000,1790.76,1600000
1,lookup,lookup,0,micro,active_outputs_1,100000,705.029,100000
1,lookup,lookup,0,generate,standard_surface,150,6.2459e+06,12624600
1,lookup,lookup,0,generate,open_pbr_surface,150,7.5993e+06,15238950
1,lookup,baseline,1,micro,valid_name,100000,409.733,2300000
1,lookup,baseline,1,micro,reserved_name,100000,130.209,600000
1,lookup,baseline,1,micro,target_single_hit,100000,223.673,100000
1,lookup,baseline,1,micro,target_single_miss,100000,192.482,0
1,lookup,baseline,1,micro,target_list,100000,366.922,100000
1,lookup,baseline,1,micro,node_def,100000,2268.04,100000
1,lookup,baseline,1,micro,implementation,100000,658.249,100000
1,lookup,baseline,1,micro,active_inputs_16,100000,1807.77,1600000
1,lookup,baseline,1,micro,active_outputs_1,100000,733.447,100000
1,lookup,baseline,1,generate,standard_surface,150,6.78336e+06,12624600
1,lookup,baseline,1,generate,open_pbr_surface,150,8.13862e+06,15238950
1,interfaces,interfaces,0,micro,valid_name,100000,414.116,2300000
1,interfaces,interfaces,0,micro,reserved_name,100000,131.809,600000
1,interfaces,interfaces,0,micro,target_single_hit,100000,225.279,100000
1,interfaces,interfaces,0,micro,target_single_miss,100000,193.721,0
1,interfaces,interfaces,0,micro,target_list,100000,369.532,100000
1,interfaces,interfaces,0,micro,node_def,100000,2068.82,100000
1,interfaces,interfaces,0,micro,implementation,100000,610.347,100000
1,interfaces,interfaces,0,micro,active_inputs_16,100000,696.154,1600000
1,interfaces,interfaces,0,micro,active_outputs_1,100000,460.154,100000
1,interfaces,interfaces,0,generate,standard_surface,150,6.28128e+06,12624600
1,interfaces,interfaces,0,generate,open_pbr_surface,150,7.50252e+06,15238950
1,interfaces,baseline,1,micro,valid_name,100000,409.494,2300000
1,interfaces,baseline,1,micro,reserved_name,100000,132.335,600000
1,interfaces,baseline,1,micro,target_single_hit,100000,222.298,100000
1,interfaces,baseline,1,micro,target_single_miss,100000,193.602,0
1,interfaces,baseline,1,micro,target_list,100000,368.397,100000
1,interfaces,baseline,1,micro,node_def,100000,2270.64,100000
1,interfaces,baseline,1,micro,implementation,100000,627.091,100000
1,interfaces,baseline,1,micro,active_inputs_16,100000,1811.31,1600000
1,interfaces,baseline,1,micro,active_outputs_1,100000,717.137,100000
1,interfaces,baseline,1,generate,standard_surface,150,6.23799e+06,12624600
1,interfaces,baseline,1,generate,open_pbr_surface,150,7.29166e+06,15238950
1,combined,combined,0,micro,valid_name,100000,133.435,2300000
1,combined,combined,0,micro,reserved_name,100000,50.024,600000
1,combined,combined,0,micro,target_single_hit,100000,15.939,100000
1,combined,combined,0,micro,target_single_miss,100000,14.867,0
1,combined,combined,0,micro,target_list,100000,290.24,100000
1,combined,combined,0,micro,node_def,100000,1876.87,100000
1,combined,combined,0,micro,implementation,100000,361.202,100000
1,combined,combined,0,micro,active_inputs_16,100000,699.005,1600000
1,combined,combined,0,micro,active_outputs_1,100000,455.956,100000
1,combined,combined,0,generate,standard_surface,150,6.20111e+06,12624600
1,combined,combined,0,generate,open_pbr_surface,150,7.07366e+06,15238950
1,combined,baseline,1,micro,valid_name,100000,413.67,2300000
1,combined,baseline,1,micro,reserved_name,100000,133.817,600000
1,combined,baseline,1,micro,target_single_hit,100000,227.414,100000
1,combined,baseline,1,micro,target_single_miss,100000,194.985,0
1,combined,baseline,1,micro,target_list,100000,368.158,100000
1,combined,baseline,1,micro,node_def,100000,2259.61,100000
1,combined,baseline,1,micro,implementation,100000,608.066,100000
1,combined,baseline,1,micro,active_inputs_16,100000,1782.09,1600000
1,combined,baseline,1,micro,active_outputs_1,100000,706.51,100000
1,combined,baseline,1,generate,standard_surface,150,6.26796e+06,12624600
1,combined,baseline,1,generate,open_pbr_surface,150,7.81249e+06,15238950
1,reserved,reserved,0,micro,valid_name,100000,133.297,2300000
1,reserved,reserved,0,micro,reserved_name,100000,52.075,600000
1,reserved,reserved,0,micro,target_single_hit,100000,229.992,100000
1,reserved,reserved,0,micro,target_single_miss,100000,193.747,0
1,reserved,reserved,0,micro,target_list,100000,370.873,100000
1,reserved,reserved,0,micro,node_def,100000,2280.19,100000
1,reserved,reserved,0,micro,implementation,100000,600.56,100000
1,reserved,reserved,0,micro,active_inputs_16,100000,1765.86,1600000
1,reserved,reserved,0,micro,active_outputs_1,100000,713.044,100000
1,reserved,reserved,0,generate,standard_surface,150,6.5582e+06,12624600
1,reserved,reserved,0,generate,open_pbr_surface,150,7.66909e+06,15238950
1,reserved,baseline,1,micro,valid_name,100000,410.469,2300000
1,reserved,baseline,1,micro,reserved_name,100000,132.882,600000
1,reserved,baseline,1,micro,target_single_hit,100000,235.034,100000
1,reserved,baseline,1,micro,target_single_miss,100000,198.924,0
1,reserved,baseline,1,micro,target_list,100000,379.591,100000
1,reserved,baseline,1,micro,node_def,100000,2301.73,100000
1,reserved,baseline,1,micro,implementation,100000,601.923,100000
1,reserved,baseline,1,micro,active_inputs_16,100000,1770.37,1600000
1,reserved,baseline,1,micro,active_outputs_1,100000,713.931,100000
1,reserved,baseline,1,generate,standard_surface,150,6.4971e+06,12624600
1,reserved,baseline,1,generate,open_pbr_surface,150,7.867e+06,15238950
2,lookup,baseline,0,micro,valid_name,100000,414.826,2300000
2,lookup,baseline,0,micro,reserved_name,100000,132.428,600000
2,lookup,baseline,0,micro,target_single_hit,100000,234.022,100000
2,lookup,baseline,0,micro,target_single_miss,100000,200.683,0
2,lookup,baseline,0,micro,target_list,100000,376.797,100000
2,lookup,baseline,0,micro,node_def,100000,2276.16,100000
2,lookup,baseline,0,micro,implementation,100000,613.424,100000
2,lookup,baseline,0,micro,active_inputs_16,100000,1782.01,1600000
2,lookup,baseline,0,micro,active_outputs_1,100000,711.11,100000
2,lookup,baseline,0,generate,standard_surface,150,6.79692e+06,12624600
2,lookup,baseline,0,generate,open_pbr_surface,150,7.58434e+06,15238950
2,lookup,lookup,1,micro,valid_name,100000,409.837,2300000
2,lookup,lookup,1,micro,reserved_name,100000,131.868,600000
2,lookup,lookup,1,micro,target_single_hit,100000,237.878,100000
2,lookup,lookup,1,micro,target_single_miss,100000,199.638,0
2,lookup,lookup,1,micro,target_list,100000,378.733,100000
2,lookup,lookup,1,micro,node_def,100000,2098.67,100000
2,lookup,lookup,1,micro,implementation,100000,359.778,100000
2,lookup,lookup,1,micro,active_inputs_16,100000,1816.44,1600000
2,lookup,lookup,1,micro,active_outputs_1,100000,704.7,100000
2,lookup,lookup,1,generate,standard_surface,150,6.55101e+06,12624600
2,lookup,lookup,1,generate,open_pbr_surface,150,7.84947e+06,15238950
2,interfaces,baseline,0,micro,valid_name,100000,412.916,2300000
2,interfaces,baseline,0,micro,reserved_name,100000,137.318,600000
2,interfaces,baseline,0,micro,target_single_hit,100000,230.803,100000
2,interfaces,baseline,0,micro,target_single_miss,100000,194.778,0
2,interfaces,baseline,0,micro,target_list,100000,367.818,100000
2,interfaces,baseline,0,micro,node_def,100000,2289.68,100000
2,interfaces,baseline,0,micro,implementation,100000,611.768,100000
2,interfaces,baseline,0,micro,active_inputs_16,100000,1786.38,1600000
2,interfaces,baseline,0,micro,active_outputs_1,100000,715.124,100000
2,interfaces,baseline,0,generate,standard_surface,150,6.63956e+06,12624600
2,interfaces,baseline,0,generate,open_pbr_surface,150,7.95293e+06,15238950
2,interfaces,interfaces,1,micro,valid_name,100000,408.668,2300000
2,interfaces,interfaces,1,micro,reserved_name,100000,134.478,600000
2,interfaces,interfaces,1,micro,target_single_hit,100000,241.445,100000
2,interfaces,interfaces,1,micro,target_single_miss,100000,203.225,0
2,interfaces,interfaces,1,micro,target_list,100000,371.642,100000
2,interfaces,interfaces,1,micro,node_def,100000,2097.85,100000
2,interfaces,interfaces,1,micro,implementation,100000,600.786,100000
2,interfaces,interfaces,1,micro,active_inputs_16,100000,703.54,1600000
2,interfaces,interfaces,1,micro,active_outputs_1,100000,458.206,100000
2,interfaces,interfaces,1,generate,standard_surface,150,6.53113e+06,12624600
2,interfaces,interfaces,1,generate,open_pbr_surface,150,7.27483e+06,15238950
2,combined,baseline,0,micro,valid_name,100000,418.502,2300000
2,combined,baseline,0,micro,reserved_name,100000,129.4,600000
2,combined,baseline,0,micro,target_single_hit,100000,225.925,100000
2,combined,baseline,0,micro,target_single_miss,100000,192.706,0
2,combined,baseline,0,micro,target_list,100000,368.588,100000
2,combined,baseline,0,micro,node_def,100000,2355.28,100000
2,combined,baseline,0,micro,implementation,100000,598.04,100000
2,combined,baseline,0,micro,active_inputs_16,100000,1785.62,1600000
2,combined,baseline,0,micro,active_outputs_1,100000,712.032,100000
2,combined,baseline,0,generate,standard_surface,150,6.6504e+06,12624600
2,combined,baseline,0,generate,open_pbr_surface,150,7.61552e+06,15238950
2,combined,combined,1,micro,valid_name,100000,130.928,2300000
2,combined,combined,1,micro,reserved_name,100000,50.532,600000
2,combined,combined,1,micro,target_single_hit,100000,15.918,100000
2,combined,combined,1,micro,target_single_miss,100000,14.775,0
2,combined,combined,1,micro,target_list,100000,285.148,100000
2,combined,combined,1,micro,node_def,100000,1918.18,100000
2,combined,combined,1,micro,implementation,100000,354.691,100000
2,combined,combined,1,micro,active_inputs_16,100000,697.529,1600000
2,combined,combined,1,micro,active_outputs_1,100000,459.232,100000
2,combined,combined,1,generate,standard_surface,150,6.03838e+06,12624600
2,combined,combined,1,generate,open_pbr_surface,150,7.05737e+06,15238950
2,reserved,baseline,0,micro,valid_name,100000,419.084,2300000
2,reserved,baseline,0,micro,reserved_name,100000,132.979,600000
2,reserved,baseline,0,micro,target_single_hit,100000,228.256,100000
2,reserved,baseline,0,micro,target_single_miss,100000,192.987,0
2,reserved,baseline,0,micro,target_list,100000,365.373,100000
2,reserved,baseline,0,micro,node_def,100000,2269.94,100000
2,reserved,baseline,0,micro,implementation,100000,613.886,100000
2,reserved,baseline,0,micro,active_inputs_16,100000,1777.9,1600000
2,reserved,baseline,0,micro,active_outputs_1,100000,716.583,100000
2,reserved,baseline,0,generate,standard_surface,150,6.6506e+06,12624600
2,reserved,baseline,0,generate,open_pbr_surface,150,8.05831e+06,15238950
2,reserved,reserved,1,micro,valid_name,100000,132.461,2300000
2,reserved,reserved,1,micro,reserved_name,100000,49.388,600000
2,reserved,reserved,1,micro,target_single_hit,100000,223.973,100000
2,reserved,reserved,1,micro,target_single_miss,100000,194.666,0
2,reserved,reserved,1,micro,target_list,100000,371.042,100000
2,reserved,reserved,1,micro,node_def,100000,2278.28,100000
2,reserved,reserved,1,micro,implementation,100000,604.991,100000
2,reserved,reserved,1,micro,active_inputs_16,100000,1818.14,1600000
2,reserved,reserved,1,micro,active_outputs_1,100000,713.479,100000
2,reserved,reserved,1,generate,standard_surface,150,6.3678e+06,12624600
2,reserved,reserved,1,generate,open_pbr_surface,150,7.58835e+06,15238950
2,targets,baseline,0,micro,valid_name,100000,404.781,2300000
2,targets,baseline,0,micro,reserved_name,100000,131.508,600000
2,targets,baseline,0,micro,target_single_hit,100000,232.142,100000
2,targets,baseline,0,micro,target_single_miss,100000,197.179,0
2,targets,baseline,0,micro,target_list,100000,372.581,100000
2,targets,baseline,0,micro,node_def,100000,2276.4,100000
2,targets,baseline,0,micro,implementation,100000,600.63,100000
2,targets,baseline,0,micro,active_inputs_16,100000,1788.16,1600000
2,targets,baseline,0,micro,active_outputs_1,100000,707.381,100000
2,targets,baseline,0,generate,standard_surface,150,6.52281e+06,12624600
2,targets,baseline,0,generate,open_pbr_surface,150,7.7619e+06,15238950
2,targets,targets,1,micro,valid_name,100000,409.714,2300000
2,targets,targets,1,micro,reserved_name,100000,130.012,600000
2,targets,targets,1,micro,target_single_hit,100000,15.783,100000
2,targets,targets,1,micro,target_single_miss,100000,14.684,0
2,targets,targets,1,micro,target_list,100000,281.096,100000
2,targets,targets,1,micro,node_def,100000,2261.16,100000
2,targets,targets,1,micro,implementation,100000,608.22,100000
2,targets,targets,1,micro,active_inputs_16,100000,1802.43,1600000
2,targets,targets,1,micro,active_outputs_1,100000,719.245,100000
2,targets,targets,1,generate,standard_surface,150,6.66802e+06,12624600
2,targets,targets,1,generate,open_pbr_surface,150,8.21774e+06,15238950
3,interfaces,interfaces,0,micro,valid_name,100000,412.329,2300000
3,interfaces,interfaces,0,micro,reserved_name,100000,133.856,600000
3,interfaces,interfaces,0,micro,target_single_hit,100000,225.988,100000
3,interfaces,interfaces,0,micro,target_single_miss,100000,190.011,0
3,interfaces,interfaces,0,micro,target_list,100000,377.872,100000
3,interfaces,interfaces,0,micro,node_def,100000,2070.37,100000
3,interfaces,interfaces,0,micro,implementation,100000,606.804,100000
3,interfaces,interfaces,0,micro,active_inputs_16,100000,719.541,1600000
3,interfaces,interfaces,0,micro,active_outputs_1,100000,485.78,100000
3,interfaces,interfaces,0,generate,standard_surface,150,7.63235e+06,12624600
3,interfaces,interfaces,0,generate,open_pbr_surface,150,7.2472e+06,15238950
3,interfaces,baseline,1,micro,valid_name,100000,405.374,2300000
3,interfaces,baseline,1,micro,reserved_name,100000,128.75,600000
3,interfaces,baseline,1,micro,target_single_hit,100000,223.301,100000
3,interfaces,baseline,1,micro,target_single_miss,100000,195.134,0
3,interfaces,baseline,1,micro,target_list,100000,369.156,100000
3,interfaces,baseline,1,micro,node_def,100000,2309.19,100000
3,interfaces,baseline,1,micro,implementation,100000,614.719,100000
3,interfaces,baseline,1,micro,active_inputs_16,100000,1768,1600000
3,interfaces,baseline,1,micro,active_outputs_1,100000,719.172,100000
3,interfaces,baseline,1,generate,standard_surface,150,6.64428e+06,12624600
3,interfaces,baseline,1,generate,open_pbr_surface,150,7.72354e+06,15238950
3,combined,combined,0,micro,valid_name,100000,133.516,2300000
3,combined,combined,0,micro,reserved_name,100000,50.103,600000
3,combined,combined,0,micro,target_single_hit,100000,15.997,100000
3,combined,combined,0,micro,target_single_miss,100000,14.738,0
3,combined,combined,0,micro,target_list,100000,286.842,100000
3,combined,combined,0,micro,node_def,100000,1928.32,100000
3,combined,combined,0,micro,implementation,100000,355.191,100000
3,combined,combined,0,micro,active_inputs_16,100000,708.369,1600000
3,combined,combined,0,micro,active_outputs_1,100000,466.686,100000
3,combined,combined,0,generate,standard_surface,150,6.06452e+06,12624600
3,combined,combined,0,generate,open_pbr_surface,150,7.3682e+06,15238950
3,combined,baseline,1,micro,valid_name,100000,406.917,2300000
3,combined,baseline,1,micro,reserved_name,100000,132.701,600000
3,combined,baseline,1,micro,target_single_hit,100000,228.65,100000
3,combined,baseline,1,micro,target_single_miss,100000,193.574,0
3,combined,baseline,1,micro,target_list,100000,363.784,100000
3,combined,baseline,1,micro,node_def,100000,2298.67,100000
3,combined,baseline,1,micro,implementation,100000,608.311,100000
3,combined,baseline,1,micro,active_inputs_16,100000,1792.11,1600000
3,combined,baseline,1,micro,active_outputs_1,100000,721.392,100000
3,combined,baseline,1,generate,standard_surface,150,6.75688e+06,12624600
3,combined,baseline,1,generate,open_pbr_surface,150,8.03196e+06,15238950
3,reserved,reserved,0,micro,valid_name,100000,133.721,2300000
3,reserved,reserved,0,micro,reserved_name,100000,50.274,600000
3,reserved,reserved,0,micro,target_single_hit,100000,226.253,100000
3,reserved,reserved,0,micro,target_single_miss,100000,195.285,0
3,reserved,reserved,0,micro,target_list,100000,381.655,100000
3,reserved,reserved,0,micro,node_def,100000,2282.43,100000
3,reserved,reserved,0,micro,implementation,100000,603.946,100000
3,reserved,reserved,0,micro,active_inputs_16,100000,1783.92,1600000
3,reserved,reserved,0,micro,active_outputs_1,100000,763.64,100000
3,reserved,reserved,0,generate,standard_surface,150,8.42844e+06,12624600
3,reserved,reserved,0,generate,open_pbr_surface,150,9.30357e+06,15238950
3,reserved,baseline,1,micro,valid_name,100000,411.262,2300000
3,reserved,baseline,1,micro,reserved_name,100000,131.065,600000
3,reserved,baseline,1,micro,target_single_hit,100000,243.8,100000
3,reserved,baseline,1,micro,target_single_miss,100000,202.243,0
3,reserved,baseline,1,micro,target_list,100000,393.137,100000
3,reserved,baseline,1,micro,node_def,100000,2309.89,100000
3,reserved,baseline,1,micro,implementation,100000,601.248,100000
3,reserved,baseline,1,micro,active_inputs_16,100000,1797.95,1600000
3,reserved,baseline,1,micro,active_outputs_1,100000,717.451,100000
3,reserved,baseline,1,generate,standard_surface,150,6.85928e+06,12624600
3,reserved,baseline,1,generate,open_pbr_surface,150,7.85015e+06,15238950
3,targets,targets,0,micro,valid_name,100000,409.016,2300000
3,targets,targets,0,micro,reserved_name,100000,131.78,600000
3,targets,targets,0,micro,target_single_hit,100000,15.784,100000
3,targets,targets,0,micro,target_single_miss,100000,14.559,0
3,targets,targets,0,micro,target_list,100000,287.153,100000
3,targets,targets,0,micro,node_def,100000,2251.65,100000
3,targets,targets,0,micro,implementation,100000,606.843,100000
3,targets,targets,0,micro,active_inputs_16,100000,1768.78,1600000
3,targets,targets,0,micro,active_outputs_1,100000,710.235,100000
3,targets,targets,0,generate,standard_surface,150,6.58579e+06,12624600
3,targets,targets,0,generate,open_pbr_surface,150,7.98073e+06,15238950
3,targets,baseline,1,micro,valid_name,100000,418.035,2300000
3,targets,baseline,1,micro,reserved_name,100000,129.122,600000
3,targets,baseline,1,micro,target_single_hit,100000,230.984,100000
3,targets,baseline,1,micro,target_single_miss,100000,197.416,0
3,targets,baseline,1,micro,target_list,100000,375.021,100000
3,targets,baseline,1,micro,node_def,100000,2290.23,100000
3,targets,baseline,1,micro,implementation,100000,634.354,100000
3,targets,baseline,1,micro,active_inputs_16,100000,1879.48,1600000
3,targets,baseline,1,micro,active_outputs_1,100000,735.013,100000
3,targets,baseline,1,generate,standard_surface,150,6.65612e+06,12624600
3,targets,baseline,1,generate,open_pbr_surface,150,8.04743e+06,15238950
3,lookup,lookup,0,micro,valid_name,100000,412.496,2300000
3,lookup,lookup,0,micro,reserved_name,100000,131.44,600000
3,lookup,lookup,0,micro,target_single_hit,100000,252.806,100000
3,lookup,lookup,0,micro,target_single_miss,100000,212.251,0
3,lookup,lookup,0,micro,target_list,100000,390.267,100000
3,lookup,lookup,0,micro,node_def,100000,2083.31,100000
3,lookup,lookup,0,micro,implementation,100000,361.33,100000
3,lookup,lookup,0,micro,active_inputs_16,100000,1788.52,1600000
3,lookup,lookup,0,micro,active_outputs_1,100000,704.759,100000
3,lookup,lookup,0,generate,standard_surface,150,6.77091e+06,12624600
3,lookup,lookup,0,generate,open_pbr_surface,150,7.98102e+06,15238950
3,lookup,baseline,1,micro,valid_name,100000,410.777,2300000
3,lookup,baseline,1,micro,reserved_name,100000,131.661,600000
3,lookup,baseline,1,micro,target_single_hit,100000,236.303,100000
3,lookup,baseline,1,micro,target_single_miss,100000,204.338,0
3,lookup,baseline,1,micro,target_list,100000,380.836,100000
3,lookup,baseline,1,micro,node_def,100000,2283.3,100000
3,lookup,baseline,1,micro,implementation,100000,601.437,100000
3,lookup,baseline,1,micro,active_inputs_16,100000,1779.88,1600000
3,lookup,baseline,1,micro,active_outputs_1,100000,711.682,100000
3,lookup,baseline,1,generate,standard_surface,150,6.61444e+06,12624600
3,lookup,baseline,1,generate,open_pbr_surface,150,7.72844e+06,15238950
4,combined,baseline,0,micro,valid_name,100000,410.52,2300000
4,combined,baseline,0,micro,reserved_name,100000,128.996,600000
4,combined,baseline,0,micro,target_single_hit,100000,227.795,100000
4,combined,baseline,0,micro,target_single_miss,100000,193.387,0
4,combined,baseline,0,micro,target_list,100000,368.167,100000
4,combined,baseline,0,micro,node_def,100000,2274.56,100000
4,combined,baseline,0,micro,implementation,100000,603.403,100000
4,combined,baseline,0,micro,active_inputs_16,100000,1759.85,1600000
4,combined,baseline,0,micro,active_outputs_1,100000,703.47,100000
4,combined,baseline,0,generate,standard_surface,150,6.78938e+06,12624600
4,combined,baseline,0,generate,open_pbr_surface,150,7.89839e+06,15238950
4,combined,combined,1,micro,valid_name,100000,131.076,2300000
4,combined,combined,1,micro,reserved_name,100000,51.109,600000
4,combined,combined,1,micro,target_single_hit,100000,15.835,100000
4,combined,combined,1,micro,target_single_miss,100000,13.953,0
4,combined,combined,1,micro,target_list,100000,285.053,100000
4,combined,combined,1,micro,node_def,100000,1901.66,100000
4,combined,combined,1,micro,implementation,100000,359.933,100000
4,combined,combined,1,micro,active_inputs_16,100000,706.823,1600000
4,combined,combined,1,micro,active_outputs_1,100000,457.056,100000
4,combined,combined,1,generate,standard_surface,150,6.33843e+06,12624600
4,combined,combined,1,generate,open_pbr_surface,150,7.20092e+06,15238950
4,reserved,baseline,0,micro,valid_name,100000,406.507,2300000
4,reserved,baseline,0,micro,reserved_name,100000,129.613,600000
4,reserved,baseline,0,micro,target_single_hit,100000,222.859,100000
4,reserved,baseline,0,micro,target_single_miss,100000,191.131,0
4,reserved,baseline,0,micro,target_list,100000,387.954,100000
4,reserved,baseline,0,micro,node_def,100000,2295.3,100000
4,reserved,baseline,0,micro,implementation,100000,601.932,100000
4,reserved,baseline,0,micro,active_inputs_16,100000,2169.39,1600000
4,reserved,baseline,0,micro,active_outputs_1,100000,724.24,100000
4,reserved,baseline,0,generate,standard_surface,150,7.05028e+06,12624600
4,reserved,baseline,0,generate,open_pbr_surface,150,8.34856e+06,15238950
4,reserved,reserved,1,micro,valid_name,100000,138.623,2300000
4,reserved,reserved,1,micro,reserved_name,100000,50.511,600000
4,reserved,reserved,1,micro,target_single_hit,100000,233.679,100000
4,reserved,reserved,1,micro,target_single_miss,100000,191.984,0
4,reserved,reserved,1,micro,target_list,100000,398.098,100000
4,reserved,reserved,1,micro,node_def,100000,2336.72,100000
4,reserved,reserved,1,micro,implementation,100000,611.428,100000
4,reserved,reserved,1,micro,active_inputs_16,100000,1775.23,1600000
4,reserved,reserved,1,micro,active_outputs_1,100000,727.884,100000
4,reserved,reserved,1,generate,standard_surface,150,6.78887e+06,12624600
4,reserved,reserved,1,generate,open_pbr_surface,150,8.17863e+06,15238950
4,targets,baseline,0,micro,valid_name,100000,421.444,2300000
4,targets,baseline,0,micro,reserved_name,100000,136.663,600000
4,targets,baseline,0,micro,target_single_hit,100000,230.147,100000
4,targets,baseline,0,micro,target_single_miss,100000,195.808,0
4,targets,baseline,0,micro,target_list,100000,375.427,100000
4,targets,baseline,0,micro,node_def,100000,2292.44,100000
4,targets,baseline,0,micro,implementation,100000,616.87,100000
4,targets,baseline,0,micro,active_inputs_16,100000,1810.11,1600000
4,targets,baseline,0,micro,active_outputs_1,100000,741.182,100000
4,targets,baseline,0,generate,standard_surface,150,7.395e+06,12624600
4,targets,baseline,0,generate,open_pbr_surface,150,8.7179e+06,15238950
4,targets,targets,1,micro,valid_name,100000,411.196,2300000
4,targets,targets,1,micro,reserved_name,100000,132.414,600000
4,targets,targets,1,micro,target_single_hit,100000,15.714,100000
4,targets,targets,1,micro,target_single_miss,100000,15.352,0
4,targets,targets,1,micro,target_list,100000,278.5,100000
4,targets,targets,1,micro,node_def,100000,2286.12,100000
4,targets,targets,1,micro,implementation,100000,604.422,100000
4,targets,targets,1,micro,active_inputs_16,100000,1785.81,1600000
4,targets,targets,1,micro,active_outputs_1,100000,708.186,100000
4,targets,targets,1,generate,standard_surface,150,6.54255e+06,12624600
4,targets,targets,1,generate,open_pbr_surface,150,7.85498e+06,15238950
4,lookup,baseline,0,micro,valid_name,100000,418.716,2300000
4,lookup,baseline,0,micro,reserved_name,100000,132.77,600000
4,lookup,baseline,0,micro,target_single_hit,100000,223.394,100000
4,lookup,baseline,0,micro,target_single_miss,100000,193.148,0
4,lookup,baseline,0,micro,target_list,100000,373.782,100000
4,lookup,baseline,0,micro,node_def,100000,2253.57,100000
4,lookup,baseline,0,micro,implementation,100000,617.749,100000
4,lookup,baseline,0,micro,active_inputs_16,100000,1778.27,1600000
4,lookup,baseline,0,micro,active_outputs_1,100000,709.879,100000
4,lookup,baseline,0,generate,standard_surface,150,6.69632e+06,12624600
4,lookup,baseline,0,generate,open_pbr_surface,150,7.86145e+06,15238950
4,lookup,lookup,1,micro,valid_name,100000,416.033,2300000
4,lookup,lookup,1,micro,reserved_name,100000,132.04,600000
4,lookup,lookup,1,micro,target_single_hit,100000,227.429,100000
4,lookup,lookup,1,micro,target_single_miss,100000,195.032,0
4,lookup,lookup,1,micro,target_list,100000,364.931,100000
4,lookup,lookup,1,micro,node_def,100000,2115.84,100000
4,lookup,lookup,1,micro,implementation,100000,358.805,100000
4,lookup,lookup,1,micro,active_inputs_16,100000,1806.59,1600000
4,lookup,lookup,1,micro,active_outputs_1,100000,714.495,100000
4,lookup,lookup,1,generate,standard_surface,150,6.74795e+06,12624600
4,lookup,lookup,1,generate,open_pbr_surface,150,8.5548e+06,15238950
4,interfaces,baseline,0,micro,valid_name,100000,408.79,2300000
4,interfaces,baseline,0,micro,reserved_name,100000,129.634,600000
4,interfaces,baseline,0,micro,target_single_hit,100000,223.792,100000
4,interfaces,baseline,0,micro,target_single_miss,100000,191.119,0
4,interfaces,baseline,0,micro,target_list,100000,376.418,100000
4,interfaces,baseline,0,micro,node_def,100000,2293.69,100000
4,interfaces,baseline,0,micro,implementation,100000,644.887,100000
4,interfaces,baseline,0,micro,active_inputs_16,100000,1781.35,1600000
4,interfaces,baseline,0,micro,active_outputs_1,100000,713.546,100000
4,interfaces,baseline,0,generate,standard_surface,150,6.59141e+06,12624600
4,interfaces,baseline,0,generate,open_pbr_surface,150,7.70338e+06,15238950
4,interfaces,interfaces,1,micro,valid_name,100000,409.907,2300000
4,interfaces,interfaces,1,micro,reserved_name,100000,132.6,600000
4,interfaces,interfaces,1,micro,target_single_hit,100000,220.835,100000
4,interfaces,interfaces,1,micro,target_single_miss,100000,187.804,0
4,interfaces,interfaces,1,micro,target_list,100000,369.037,100000
4,interfaces,interfaces,1,micro,node_def,100000,2074.55,100000
4,interfaces,interfaces,1,micro,implementation,100000,606.309,100000
4,interfaces,interfaces,1,micro,active_inputs_16,100000,697.15,1600000
4,interfaces,interfaces,1,micro,active_outputs_1,100000,458.462,100000
4,interfaces,interfaces,1,generate,standard_surface,150,6.32232e+06,12624600
4,interfaces,interfaces,1,generate,open_pbr_surface,150,7.45677e+06,15238950
5,reserved,reserved,0,micro,valid_name,100000,133.061,2300000
5,reserved,reserved,0,micro,reserved_name,100000,50.381,600000
5,reserved,reserved,0,micro,target_single_hit,100000,222.509,100000
5,reserved,reserved,0,micro,target_single_miss,100000,191.804,0
5,reserved,reserved,0,micro,target_list,100000,364.5,100000
5,reserved,reserved,0,micro,node_def,100000,2344.12,100000
5,reserved,reserved,0,micro,implementation,100000,600.375,100000
5,reserved,reserved,0,micro,active_inputs_16,100000,1770.36,1600000
5,reserved,reserved,0,micro,active_outputs_1,100000,713.246,100000
5,reserved,reserved,0,generate,standard_surface,150,6.7881e+06,12624600
5,reserved,reserved,0,generate,open_pbr_surface,150,7.67329e+06,15238950
5,reserved,baseline,1,micro,valid_name,100000,416.926,2300000
5,reserved,baseline,1,micro,reserved_name,100000,131.435,600000
5,reserved,baseline,1,micro,target_single_hit,100000,228.471,100000
5,reserved,baseline,1,micro,target_single_miss,100000,195.827,0
5,reserved,baseline,1,micro,target_list,100000,367.635,100000
5,reserved,baseline,1,micro,node_def,100000,2290.06,100000
5,reserved,baseline,1,micro,implementation,100000,607.866,100000
5,reserved,baseline,1,micro,active_inputs_16,100000,1789.51,1600000
5,reserved,baseline,1,micro,active_outputs_1,100000,708.583,100000
5,reserved,baseline,1,generate,standard_surface,150,6.72144e+06,12624600
5,reserved,baseline,1,generate,open_pbr_surface,150,8.60281e+06,15238950
5,targets,targets,0,micro,valid_name,100000,416.547,2300000
5,targets,targets,0,micro,reserved_name,100000,133.667,600000
5,targets,targets,0,micro,target_single_hit,100000,15.613,100000
5,targets,targets,0,micro,target_single_miss,100000,13.989,0
5,targets,targets,0,micro,target_list,100000,283.302,100000
5,targets,targets,0,micro,node_def,100000,2235.91,100000
5,targets,targets,0,micro,implementation,100000,601.126,100000
5,targets,targets,0,micro,active_inputs_16,100000,1808.08,1600000
5,targets,targets,0,micro,active_outputs_1,100000,715.657,100000
5,targets,targets,0,generate,standard_surface,150,7.11393e+06,12624600
5,targets,targets,0,generate,open_pbr_surface,150,7.91559e+06,15238950
5,targets,baseline,1,micro,valid_name,100000,412.489,2300000
5,targets,baseline,1,micro,reserved_name,100000,131.756,600000
5,targets,baseline,1,micro,target_single_hit,100000,227.512,100000
5,targets,baseline,1,micro,target_single_miss,100000,193.914,0
5,targets,baseline,1,micro,target_list,100000,371.82,100000
5,targets,baseline,1,micro,node_def,100000,2299.39,100000
5,targets,baseline,1,micro,implementation,100000,613.315,100000
5,targets,baseline,1,micro,active_inputs_16,100000,1826.85,1600000
5,targets,baseline,1,micro,active_outputs_1,100000,716.236,100000
5,targets,baseline,1,generate,standard_surface,150,7.32639e+06,12624600
5,targets,baseline,1,generate,open_pbr_surface,150,8.06531e+06,15238950
5,lookup,lookup,0,micro,valid_name,100000,411.451,2300000
5,lookup,lookup,0,micro,reserved_name,100000,130.221,600000
5,lookup,lookup,0,micro,target_single_hit,100000,231.197,100000
5,lookup,lookup,0,micro,target_single_miss,100000,196.326,0
5,lookup,lookup,0,micro,target_list,100000,374.365,100000
5,lookup,lookup,0,micro,node_def,100000,2101.95,100000
5,lookup,lookup,0,micro,implementation,100000,356.297,100000
5,lookup,lookup,0,micro,active_inputs_16,100000,1837.16,1600000
5,lookup,lookup,0,micro,active_outputs_1,100000,720.169,100000
5,lookup,lookup,0,generate,standard_surface,150,6.86165e+06,12624600
5,lookup,lookup,0,generate,open_pbr_surface,150,8.05133e+06,15238950
5,lookup,baseline,1,micro,valid_name,100000,418.286,2300000
5,lookup,baseline,1,micro,reserved_name,100000,134.979,600000
5,lookup,baseline,1,micro,target_single_hit,100000,225.88,100000
5,lookup,baseline,1,micro,target_single_miss,100000,191.589,0
5,lookup,baseline,1,micro,target_list,100000,363.4,100000
5,lookup,baseline,1,micro,node_def,100000,2250.64,100000
5,lookup,baseline,1,micro,implementation,100000,603.258,100000
5,lookup,baseline,1,micro,active_inputs_16,100000,1766.26,1600000
5,lookup,baseline,1,micro,active_outputs_1,100000,709.477,100000
5,lookup,baseline,1,generate,standard_surface,150,6.31267e+06,12624600
5,lookup,baseline,1,generate,open_pbr_surface,150,7.93804e+06,15238950
5,interfaces,interfaces,0,micro,valid_name,100000,412.291,2300000
5,interfaces,interfaces,0,micro,reserved_name,100000,141.265,600000
5,interfaces,interfaces,0,micro,target_single_hit,100000,226.582,100000
5,interfaces,interfaces,0,micro,target_single_miss,100000,193.11,0
5,interfaces,interfaces,0,micro,target_list,100000,371.42,100000
5,interfaces,interfaces,0,micro,node_def,100000,2080.3,100000
5,interfaces,interfaces,0,micro,implementation,100000,602.398,100000
5,interfaces,interfaces,0,micro,active_inputs_16,100000,697.849,1600000
5,interfaces,interfaces,0,micro,active_outputs_1,100000,458.554,100000
5,interfaces,interfaces,0,generate,standard_surface,150,6.22563e+06,12624600
5,interfaces,interfaces,0,generate,open_pbr_surface,150,7.46084e+06,15238950
5,interfaces,baseline,1,micro,valid_name,100000,411.097,2300000
5,interfaces,baseline,1,micro,reserved_name,100000,129.671,600000
5,interfaces,baseline,1,micro,target_single_hit,100000,221.284,100000
5,interfaces,baseline,1,micro,target_single_miss,100000,190.88,0
5,interfaces,baseline,1,micro,target_list,100000,368.345,100000
5,interfaces,baseline,1,micro,node_def,100000,2253.39,100000
5,interfaces,baseline,1,micro,implementation,100000,603.846,100000
5,interfaces,baseline,1,micro,active_inputs_16,100000,1769.3,1600000
5,interfaces,baseline,1,micro,active_outputs_1,100000,710.013,100000
5,interfaces,baseline,1,generate,standard_surface,150,6.37452e+06,12624600
5,interfaces,baseline,1,generate,open_pbr_surface,150,7.7657e+06,15238950
5,combined,combined,0,micro,valid_name,100000,130.176,2300000
5,combined,combined,0,micro,reserved_name,100000,50.907,600000
5,combined,combined,0,micro,target_single_hit,100000,15.756,100000
5,combined,combined,0,micro,target_single_miss,100000,13.594,0
5,combined,combined,0,micro,target_list,100000,286.293,100000
5,combined,combined,0,micro,node_def,100000,1877.06,100000
5,combined,combined,0,micro,implementation,100000,359.784,100000
5,combined,combined,0,micro,active_inputs_16,100000,703.754,1600000
5,combined,combined,0,micro,active_outputs_1,100000,455.706,100000
5,combined,combined,0,generate,standard_surface,150,5.9281e+06,12624600
5,combined,combined,0,generate,open_pbr_surface,150,6.47072e+06,15238950
5,combined,baseline,1,micro,valid_name,100000,409.46,2300000
5,combined,baseline,1,micro,reserved_name,100000,130.898,600000
5,combined,baseline,1,micro,target_single_hit,100000,226.344,100000
5,combined,baseline,1,micro,target_single_miss,100000,193.182,0
5,combined,baseline,1,micro,target_list,100000,368.595,100000
5,combined,baseline,1,micro,node_def,100000,2243.19,100000
5,combined,baseline,1,micro,implementation,100000,594.761,100000
5,combined,baseline,1,micro,active_inputs_16,100000,1780.95,1600000
5,combined,baseline,1,micro,active_outputs_1,100000,707.734,100000
5,combined,baseline,1,generate,standard_surface,150,6.92258e+06,12624600
5,combined,baseline,1,generate,open_pbr_surface,150,8.30686e+06,15238950
6,targets,baseline,0,micro,valid_name,100000,412.93,2300000
6,targets,baseline,0,micro,reserved_name,100000,132.798,600000
6,targets,baseline,0,micro,target_single_hit,100000,236.923,100000
6,targets,baseline,0,micro,target_single_miss,100000,193.707,0
6,targets,baseline,0,micro,target_list,100000,376.835,100000
6,targets,baseline,0,micro,node_def,100000,2288.3,100000
6,targets,baseline,0,micro,implementation,100000,606.402,100000
6,targets,baseline,0,micro,active_inputs_16,100000,1818.16,1600000
6,targets,baseline,0,micro,active_outputs_1,100000,721.879,100000
6,targets,baseline,0,generate,standard_surface,150,7.51935e+06,12624600
6,targets,baseline,0,generate,open_pbr_surface,150,9.18936e+06,15238950
6,targets,targets,1,micro,valid_name,100000,416.792,2300000
6,targets,targets,1,micro,reserved_name,100000,132.276,600000
6,targets,targets,1,micro,target_single_hit,100000,15.755,100000
6,targets,targets,1,micro,target_single_miss,100000,15.182,0
6,targets,targets,1,micro,target_list,100000,284.76,100000
6,targets,targets,1,micro,node_def,100000,2311.49,100000
6,targets,targets,1,micro,implementation,100000,612.067,100000
6,targets,targets,1,micro,active_inputs_16,100000,1791.53,1600000
6,targets,targets,1,micro,active_outputs_1,100000,705.991,100000
6,targets,targets,1,generate,standard_surface,150,7.03672e+06,12624600
6,targets,targets,1,generate,open_pbr_surface,150,7.99706e+06,15238950
6,lookup,baseline,0,micro,valid_name,100000,409.401,2300000
6,lookup,baseline,0,micro,reserved_name,100000,132.88,600000
6,lookup,baseline,0,micro,target_single_hit,100000,235.539,100000
6,lookup,baseline,0,micro,target_single_miss,100000,200.511,0
6,lookup,baseline,0,micro,target_list,100000,381.589,100000
6,lookup,baseline,0,micro,node_def,100000,2269.65,100000
6,lookup,baseline,0,micro,implementation,100000,611.377,100000
6,lookup,baseline,0,micro,active_inputs_16,100000,1786.41,1600000
6,lookup,baseline,0,micro,active_outputs_1,100000,706.691,100000
6,lookup,baseline,0,generate,standard_surface,150,6.83228e+06,12624600
6,lookup,baseline,0,generate,open_pbr_surface,150,7.94363e+06,15238950
6,lookup,lookup,1,micro,valid_name,100000,410.477,2300000
6,lookup,lookup,1,micro,reserved_name,100000,130.178,600000
6,lookup,lookup,1,micro,target_single_hit,100000,230.147,100000
6,lookup,lookup,1,micro,target_single_miss,100000,192.781,0
6,lookup,lookup,1,micro,target_list,100000,370.262,100000
6,lookup,lookup,1,micro,node_def,100000,2096.84,100000
6,lookup,lookup,1,micro,implementation,100000,355.005,100000
6,lookup,lookup,1,micro,active_inputs_16,100000,2049,1600000
6,lookup,lookup,1,micro,active_outputs_1,100000,710.393,100000
6,lookup,lookup,1,generate,standard_surface,150,7.04036e+06,12624600
6,lookup,lookup,1,generate,open_pbr_surface,150,8.62778e+06,15238950
6,interfaces,baseline,0,micro,valid_name,100000,410.017,2300000
6,interfaces,baseline,0,micro,reserved_name,100000,132.229,600000
6,interfaces,baseline,0,micro,target_single_hit,100000,226.511,100000
6,interfaces,baseline,0,micro,target_single_miss,100000,193.175,0
6,interfaces,baseline,0,micro,target_list,100000,376.696,100000
6,interfaces,baseline,0,micro,node_def,100000,2267.3,100000
6,interfaces,baseline,0,micro,implementation,100000,603.854,100000
6,interfaces,baseline,0,micro,active_inputs_16,100000,1861.7,1600000
6,interfaces,baseline,0,micro,active_outputs_1,100000,763.998,100000
6,interfaces,baseline,0,generate,standard_surface,150,7.1824e+06,12624600
6,interfaces,baseline,0,generate,open_pbr_surface,150,8.11011e+06,15238950
6,interfaces,interfaces,1,micro,valid_name,100000,414.261,2300000
6,interfaces,interfaces,1,micro,reserved_name,100000,133.436,600000
6,interfaces,interfaces,1,micro,target_single_hit,100000,220.84,100000
6,interfaces,interfaces,1,micro,target_single_miss,100000,193.761,0
6,interfaces,interfaces,1,micro,target_list,100000,380.119,100000
6,interfaces,interfaces,1,micro,node_def,100000,2099.38,100000
6,interfaces,interfaces,1,micro,implementation,100000,607.497,100000
6,interfaces,interfaces,1,micro,active_inputs_16,100000,749.941,1600000
6,interfaces,interfaces,1,micro,active_outputs_1,100000,458.195,100000
6,interfaces,interfaces,1,generate,standard_surface,150,6.38838e+06,12624600
6,interfaces,interfaces,1,generate,open_pbr_surface,150,7.53493e+06,15238950
6,combined,baseline,0,micro,valid_name,100000,414.145,2300000
6,combined,baseline,0,micro,reserved_name,100000,130.808,600000
6,combined,baseline,0,micro,target_single_hit,100000,222.991,100000
6,combined,baseline,0,micro,target_single_miss,100000,191.477,0
6,combined,baseline,0,micro,target_list,100000,368.145,100000
6,combined,baseline,0,micro,node_def,100000,2268.1,100000
6,combined,baseline,0,micro,implementation,100000,613.346,100000
6,combined,baseline,0,micro,active_inputs_16,100000,1798.17,1600000
6,combined,baseline,0,micro,active_outputs_1,100000,729.431,100000
6,combined,baseline,0,generate,standard_surface,150,7.76231e+06,12624600
6,combined,baseline,0,generate,open_pbr_surface,150,7.56686e+06,15238950
6,combined,combined,1,micro,valid_name,100000,130.361,2300000
6,combined,combined,1,micro,reserved_name,100000,51.077,600000
6,combined,combined,1,micro,target_single_hit,100000,15.688,100000
6,combined,combined,1,micro,target_single_miss,100000,13.924,0
6,combined,combined,1,micro,target_list,100000,285.681,100000
6,combined,combined,1,micro,node_def,100000,1892.14,100000
6,combined,combined,1,micro,implementation,100000,353.744,100000
6,combined,combined,1,micro,active_inputs_16,100000,691.398,1600000
6,combined,combined,1,micro,active_outputs_1,100000,461.502,100000
6,combined,combined,1,generate,standard_surface,150,6.05913e+06,12624600
6,combined,combined,1,generate,open_pbr_surface,150,6.74551e+06,15238950
6,reserved,baseline,0,micro,valid_name,100000,410.152,2300000
6,reserved,baseline,0,micro,reserved_name,100000,129.339,600000
6,reserved,baseline,0,micro,target_single_hit,100000,228.118,100000
6,reserved,baseline,0,micro,target_single_miss,100000,193.161,0
6,reserved,baseline,0,micro,target_list,100000,392.079,100000
6,reserved,baseline,0,micro,node_def,100000,2281.94,100000
6,reserved,baseline,0,micro,implementation,100000,605.252,100000
6,reserved,baseline,0,micro,active_inputs_16,100000,1774.6,1600000
6,reserved,baseline,0,micro,active_outputs_1,100000,709.968,100000
6,reserved,baseline,0,generate,standard_surface,150,6.7987e+06,12624600
6,reserved,baseline,0,generate,open_pbr_surface,150,7.67037e+06,15238950
6,reserved,reserved,1,micro,valid_name,100000,133.224,2300000
6,reserved,reserved,1,micro,reserved_name,100000,50.266,600000
6,reserved,reserved,1,micro,target_single_hit,100000,227.004,100000
6,reserved,reserved,1,micro,target_single_miss,100000,192.183,0
6,reserved,reserved,1,micro,target_list,100000,364.04,100000
6,reserved,reserved,1,micro,node_def,100000,2273.54,100000
6,reserved,reserved,1,micro,implementation,100000,619.419,100000
6,reserved,reserved,1,micro,active_inputs_16,100000,1759.67,1600000
6,reserved,reserved,1,micro,active_outputs_1,100000,711.738,100000
6,reserved,reserved,1,generate,standard_surface,150,6.42214e+06,12624600
6,reserved,reserved,1,generate,open_pbr_surface,150,7.62114e+06,15238950
7,lookup,lookup,0,micro,valid_name,100000,406.993,2300000
7,lookup,lookup,0,micro,reserved_name,100000,131.427,600000
7,lookup,lookup,0,micro,target_single_hit,100000,226.717,100000
7,lookup,lookup,0,micro,target_single_miss,100000,192.175,0
7,lookup,lookup,0,micro,target_list,100000,368.845,100000
7,lookup,lookup,0,micro,node_def,100000,2121.22,100000
7,lookup,lookup,0,micro,implementation,100000,358.725,100000
7,lookup,lookup,0,micro,active_inputs_16,100000,1758.38,1600000
7,lookup,lookup,0,micro,active_outputs_1,100000,699.925,100000
7,lookup,lookup,0,generate,standard_surface,150,6.46718e+06,12624600
7,lookup,lookup,0,generate,open_pbr_surface,150,7.49136e+06,15238950
7,lookup,baseline,1,micro,valid_name,100000,407.705,2300000
7,lookup,baseline,1,micro,reserved_name,100000,131.299,600000
7,lookup,baseline,1,micro,target_single_hit,100000,227.174,100000
7,lookup,baseline,1,micro,target_single_miss,100000,195.248,0
7,lookup,baseline,1,micro,target_list,100000,366.494,100000
7,lookup,baseline,1,micro,node_def,100000,2259.79,100000
7,lookup,baseline,1,micro,implementation,100000,603.457,100000
7,lookup,baseline,1,micro,active_inputs_16,100000,1845.61,1600000
7,lookup,baseline,1,micro,active_outputs_1,100000,709.134,100000
7,lookup,baseline,1,generate,standard_surface,150,6.64532e+06,12624600
7,lookup,baseline,1,generate,open_pbr_surface,150,7.53831e+06,15238950
7,interfaces,interfaces,0,micro,valid_name,100000,408.421,2300000
7,interfaces,interfaces,0,micro,reserved_name,100000,133.117,600000
7,interfaces,interfaces,0,micro,target_single_hit,100000,226.541,100000
7,interfaces,interfaces,0,micro,target_single_miss,100000,193.264,0
7,interfaces,interfaces,0,micro,target_list,100000,372.707,100000
7,interfaces,interfaces,0,micro,node_def,100000,2097.36,100000
7,interfaces,interfaces,0,micro,implementation,100000,599.947,100000
7,interfaces,interfaces,0,micro,active_inputs_16,100000,702.901,1600000
7,interfaces,interfaces,0,micro,active_outputs_1,100000,458.264,100000
7,interfaces,interfaces,0,generate,standard_surface,150,6.02084e+06,12624600
7,interfaces,interfaces,0,generate,open_pbr_surface,150,7.15458e+06,15238950
7,interfaces,baseline,1,micro,valid_name,100000,417.395,2300000
7,interfaces,baseline,1,micro,reserved_name,100000,130.712,600000
7,interfaces,baseline,1,micro,target_single_hit,100000,225.631,100000
7,interfaces,baseline,1,micro,target_single_miss,100000,192.359,0
7,interfaces,baseline,1,micro,target_list,100000,369.147,100000
7,interfaces,baseline,1,micro,node_def,100000,2264.67,100000
7,interfaces,baseline,1,micro,implementation,100000,602.419,100000
7,interfaces,baseline,1,micro,active_inputs_16,100000,1759.75,1600000
7,interfaces,baseline,1,micro,active_outputs_1,100000,708.684,100000
7,interfaces,baseline,1,generate,standard_surface,150,6.31911e+06,12624600
7,interfaces,baseline,1,generate,open_pbr_surface,150,7.66471e+06,15238950
7,combined,combined,0,micro,valid_name,100000,130.993,2300000
7,combined,combined,0,micro,reserved_name,100000,51.603,600000
7,combined,combined,0,micro,target_single_hit,100000,15.846,100000
7,combined,combined,0,micro,target_single_miss,100000,14.788,0
7,combined,combined,0,micro,target_list,100000,283.956,100000
7,combined,combined,0,micro,node_def,100000,1893.65,100000
7,combined,combined,0,micro,implementation,100000,360.083,100000
7,combined,combined,0,micro,active_inputs_16,100000,693.977,1600000
7,combined,combined,0,micro,active_outputs_1,100000,457.158,100000
7,combined,combined,0,generate,standard_surface,150,5.79401e+06,12624600
7,combined,combined,0,generate,open_pbr_surface,150,6.61277e+06,15238950
7,combined,baseline,1,micro,valid_name,100000,414.242,2300000
7,combined,baseline,1,micro,reserved_name,100000,131.253,600000
7,combined,baseline,1,micro,target_single_hit,100000,223.311,100000
7,combined,baseline,1,micro,target_single_miss,100000,191.43,0
7,combined,baseline,1,micro,target_list,100000,367.416,100000
7,combined,baseline,1,micro,node_def,100000,2257.62,100000
7,combined,baseline,1,micro,implementation,100000,601.156,100000
7,combined,baseline,1,micro,active_inputs_16,100000,1773.57,1600000
7,combined,baseline,1,micro,active_outputs_1,100000,715.84,100000
7,combined,baseline,1,generate,standard_surface,150,6.5692e+06,12624600
7,combined,baseline,1,generate,open_pbr_surface,150,7.78985e+06,15238950
7,reserved,reserved,0,micro,valid_name,100000,134.186,2300000
7,reserved,reserved,0,micro,reserved_name,100000,50.558,600000
7,reserved,reserved,0,micro,target_single_hit,100000,223.7,100000
7,reserved,reserved,0,micro,target_single_miss,100000,190.931,0
7,reserved,reserved,0,micro,target_list,100000,368.831,100000
7,reserved,reserved,0,micro,node_def,100000,2288.58,100000
7,reserved,reserved,0,micro,implementation,100000,602.188,100000
7,reserved,reserved,0,micro,active_inputs_16,100000,1764,1600000
7,reserved,reserved,0,micro,active_outputs_1,100000,718.169,100000
7,reserved,reserved,0,generate,standard_surface,150,7.10604e+06,12624600
7,reserved,reserved,0,generate,open_pbr_surface,150,7.92079e+06,15238950
7,reserved,baseline,1,micro,valid_name,100000,414.836,2300000
7,reserved,baseline,1,micro,reserved_name,100000,132.807,600000
7,reserved,baseline,1,micro,target_single_hit,100000,228.015,100000
7,reserved,baseline,1,micro,target_single_miss,100000,196.819,0
7,reserved,baseline,1,micro,target_list,100000,374.214,100000
7,reserved,baseline,1,micro,node_def,100000,2262.85,100000
7,reserved,baseline,1,micro,implementation,100000,612.72,100000
7,reserved,baseline,1,micro,active_inputs_16,100000,1799.17,1600000
7,reserved,baseline,1,micro,active_outputs_1,100000,722.023,100000
7,reserved,baseline,1,generate,standard_surface,150,7.98044e+06,12624600
7,reserved,baseline,1,generate,open_pbr_surface,150,8.00285e+06,15238950
7,targets,targets,0,micro,valid_name,100000,421.717,2300000
7,targets,targets,0,micro,reserved_name,100000,130.139,600000
7,targets,targets,0,micro,target_single_hit,100000,15.837,100000
7,targets,targets,0,micro,target_single_miss,100000,14.526,0
7,targets,targets,0,micro,target_list,100000,283.534,100000
7,targets,targets,0,micro,node_def,100000,2254.84,100000
7,targets,targets,0,micro,implementation,100000,596.387,100000
7,targets,targets,0,micro,active_inputs_16,100000,1821.26,1600000
7,targets,targets,0,micro,active_outputs_1,100000,719.333,100000
7,targets,targets,0,generate,standard_surface,150,6.57644e+06,12624600
7,targets,targets,0,generate,open_pbr_surface,150,8.02409e+06,15238950
7,targets,baseline,1,micro,valid_name,100000,413.808,2300000
7,targets,baseline,1,micro,reserved_name,100000,132.91,600000
7,targets,baseline,1,micro,target_single_hit,100000,254.616,100000
7,targets,baseline,1,micro,target_single_miss,100000,214.619,0
7,targets,baseline,1,micro,target_list,100000,381.391,100000
7,targets,baseline,1,micro,node_def,100000,2267.59,100000
7,targets,baseline,1,micro,implementation,100000,608.287,100000
7,targets,baseline,1,micro,active_inputs_16,100000,1889.59,1600000
7,targets,baseline,1,micro,active_outputs_1,100000,708.059,100000
7,targets,baseline,1,generate,standard_surface,150,6.63225e+06,12624600
7,targets,baseline,1,generate,open_pbr_surface,150,8.06967e+06,15238950
