Function	CPU Time	CPU Time:Effective Time	CPU Time:Spin Time	CPU Time:Overhead Time	Module	Function (Full)	Source File	Start Address
std::basic_ifstream<char,std::char_traits<char> >::{ctor}	5.294994	4.882169	0.412825	0.0	CpuHotPaths.exe	std::basic_ifstream<char,std::char_traits<char> >::{ctor}	fstream	0x1400d564f
GetFileAttributesA	2.532469	2.532469	0.0	0.0	KERNELBASE.dll	GetFileAttributesA	[Unknown]	0x18006d270
malloc_base	1.601590	1.587230	0.014360	0.0	ucrtbase.dll	malloc_base	[Unknown]	0x1800050a0
std::basic_ostream<char,struct std::char_traits<char> >::operator<<	0.769520	0.755736	0.013784	0.0	MSVCP140.dll	std::basic_ostream<char,struct std::char_traits<char> >::operator<<(class std::basic_streambuf<char,struct std::char_traits<char> > * __ptr64)	[Unknown]	0x180050140
std::getline	0.411008	0.397115	0.013893	0.0	CpuHotPaths.exe	std::getline	string	0x140139e48
std::basic_ifstream<char,std::char_traits<char> >::close	0.396798	0.396798	0.0	0.0	CpuHotPaths.exe	std::basic_ifstream<char,std::char_traits<char> >::close	fstream	0x1400d57a9
std::find	0.386435	0.386435	0.0	0.0	CpuHotPaths.exe	std::find	xutility	0x1401499d6
std::_Hash<std::_Umap_traits<std::basic_string<char,std::char_traits<char>,std::allocator<char> >,std::basic_string<char,std::char_traits<char>,std::allocator<char> >,std::_Uhash_compare<std::basic_string<char,std::char_traits<char>,std::allocator<char> >,std::hash<std::basic_string<char,std::char_traits<char>,std::allocator<char> > >,std::equal_to<std::basic_string<char,std::char_traits<char>,std::allocator<char> > > >,std::allocator<std::pair<std::basic_string<char,std::char_traits<char>,std::allocator<char> > const ,std::basic_string<char,std::char_traits<char>,std::allocator<char> > > >,0> >::find	0.327208	0.327208	0.0	0.0	CpuHotPaths.exe	std::_Hash<std::_Umap_traits<std::basic_string<char,std::char_traits<char>,std::allocator<char> >,std::basic_string<char,std::char_traits<char>,std::allocator<char> >,std::_Uhash_compare<std::basic_string<char,std::char_traits<char>,std::allocator<char> >,std::hash<std::basic_string<char,std::char_traits<char>,std::allocator<char> > >,std::equal_to<std::basic_string<char,std::char_traits<char>,std::allocator<char> > > >,std::allocator<std::pair<std::basic_string<char,std::char_traits<char>,std::allocator<char> > const ,std::basic_string<char,std::char_traits<char>,std::allocator<char> > > >,0> >::find	xhash	0x1400b15ea
func@0x180045990	0.303441	0.215846	0.087594	0.0	MSVCP140.dll	func@0x180045990	[Unknown]	0x180045990
MaterialX_v1_39_6::Syntax::makeValidName	0.241951	0.241951	0.0	0.0	CpuHotPaths.exe	MaterialX_v1_39_6::Syntax::makeValidName(class std::basic_string<char,struct std::char_traits<char>,class std::allocator<char> > &)	Syntax.cpp	0x1401498f0
std::basic_ostream<char,struct std::char_traits<char> >::operator<<	0.227414	0.213344	0.014070	0.0	MSVCP140.dll	std::basic_ostream<char,struct std::char_traits<char> >::operator<<(float)	[Unknown]	0x18004fa10
std::shared_ptr<MaterialX_v1_39_6::Element>::{ctor}	0.200185	0.200185	0.0	0.0	CpuHotPaths.exe	std::shared_ptr<MaterialX_v1_39_6::Element>::{ctor}	memory	0x1401aeb15
std::enable_shared_from_this<MaterialX_v1_39_6::Element>::shared_from_this	0.184900	0.184900	0.0	0.0	CpuHotPaths.exe	std::enable_shared_from_this<MaterialX_v1_39_6::Element>::shared_from_this	memory	0x140190bb7
std::basic_stringstream<char,std::char_traits<char>,std::allocator<char> >::{ctor}	0.157952	0.086355	0.071596	0.0	CpuHotPaths.exe	std::basic_stringstream<char,std::char_traits<char>,std::allocator<char> >::{ctor}	sstream	0x1401fe64c
std::_Hash<std::_Umap_traits<std::basic_string<char,std::char_traits<char>,std::allocator<char> >,std::shared_ptr<MaterialX_v1_39_6::Element>,std::_Uhash_compare<std::basic_string<char,std::char_traits<char>,std::allocator<char> >,std::hash<std::basic_string<char,std::char_traits<char>,std::allocator<char> > >,std::equal_to<std::basic_string<char,std::char_traits<char>,std::allocator<char> > > >,std::allocator<std::pair<std::basic_string<char,std::char_traits<char>,std::allocator<char> > const ,std::shared_ptr<MaterialX_v1_39_6::Element> > >,0> >::find	0.157884	0.157884	0.0	0.0	CpuHotPaths.exe	std::_Hash<std::_Umap_traits<std::basic_string<char,std::char_traits<char>,std::allocator<char> >,std::shared_ptr<MaterialX_v1_39_6::Element>,std::_Uhash_compare<std::basic_string<char,std::char_traits<char>,std::allocator<char> >,std::hash<std::basic_string<char,std::char_traits<char>,std::allocator<char> > >,std::equal_to<std::basic_string<char,std::char_traits<char>,std::allocator<char> > > >,std::allocator<std::pair<std::basic_string<char,std::char_traits<char>,std::allocator<char> > const ,std::shared_ptr<MaterialX_v1_39_6::Element> > >,0> >::find	xhash	0x1401c2276
std::basic_stringstream<char,std::char_traits<char>,std::allocator<char> >::{ctor}	0.143254	0.114749	0.028505	0.0	CpuHotPaths.exe	std::basic_stringstream<char,std::char_traits<char>,std::allocator<char> >::{ctor}	sstream	0x1401fb47b
std::dynamic_pointer_cast	0.129726	0.129726	0.0	0.0	CpuHotPaths.exe	std::dynamic_pointer_cast	memory	0x140190be8
std::vector<std::shared_ptr<MaterialX_v1_39_6::Input>,std::allocator<std::shared_ptr<MaterialX_v1_39_6::Input> > >::push_back	0.111805	0.111805	0.0	0.0	CpuHotPaths.exe	std::vector<std::shared_ptr<MaterialX_v1_39_6::Input>,std::allocator<std::shared_ptr<MaterialX_v1_39_6::Input> > >::push_back	vector	0x1401cb0e2
std::enable_shared_from_this<MaterialX_v1_39_6::Element>::shared_from_this	0.099236	0.099236	0.0	0.0	CpuHotPaths.exe	std::enable_shared_from_this<MaterialX_v1_39_6::Element>::shared_from_this	memory	0x1401943c7
std::basic_string<char,std::char_traits<char>,std::allocator<char> >::find	0.086277	0.086277	0.0	0.0	CpuHotPaths.exe	std::basic_string<char,std::char_traits<char>,std::allocator<char> >::find	xstring	0x14017fb60
MaterialX_v1_39_6::Element::getChildrenOfType<class MaterialX_v1_39_6::Input>	0.086127	0.086127	0.0	0.0	CpuHotPaths.exe	MaterialX_v1_39_6::Element::getChildrenOfType<class MaterialX_v1_39_6::Input>(class std::basic_string<char,struct std::char_traits<char>,class std::allocator<char> > const &)	Element.cpp	0x1401a8de0
std::set<std::shared_ptr<MaterialX_v1_39_6::Element const >,std::less<std::shared_ptr<MaterialX_v1_39_6::Element const > >,std::allocator<std::shared_ptr<MaterialX_v1_39_6::Element const > > >::{ctor}	0.085915	0.085915	0.0	0.0	CpuHotPaths.exe	std::set<std::shared_ptr<MaterialX_v1_39_6::Element const >,std::less<std::shared_ptr<MaterialX_v1_39_6::Element const > >,std::allocator<std::shared_ptr<MaterialX_v1_39_6::Element const > > >::{ctor}	set	0x1401b6bc2
MaterialX_v1_39_6::Element::getAttribute	0.085711	0.085711	0.0	0.0	CpuHotPaths.exe	MaterialX_v1_39_6::Element::getAttribute(class std::basic_string<char,struct std::char_traits<char>,class std::allocator<char> > const &)	Element.h	0x1400b15e0
std::_Tree<std::_Tset_traits<std::basic_string<char,std::char_traits<char>,std::allocator<char> >,std::less<std::basic_string<char,std::char_traits<char>,std::allocator<char> > >,std::allocator<std::basic_string<char,std::char_traits<char>,std::allocator<char> > >,0> >::{dtor}	0.072166	0.072166	0.0	0.0	CpuHotPaths.exe	std::_Tree<std::_Tset_traits<std::basic_string<char,std::char_traits<char>,std::allocator<char> >,std::less<std::basic_string<char,std::char_traits<char>,std::allocator<char> > >,std::allocator<std::basic_string<char,std::char_traits<char>,std::allocator<char> > >,0> >::{dtor}	xtree	0x1401cb309
std::_Tree<std::_Tset_traits<std::basic_string<char,std::char_traits<char>,std::allocator<char> >,std::less<std::basic_string<char,std::char_traits<char>,std::allocator<char> > >,std::allocator<std::basic_string<char,std::char_traits<char>,std::allocator<char> > >,0> >::insert	0.071446	0.071446	0.0	0.0	CpuHotPaths.exe	std::_Tree<std::_Tset_traits<std::basic_string<char,std::char_traits<char>,std::allocator<char> >,std::less<std::basic_string<char,std::char_traits<char>,std::allocator<char> > >,std::allocator<std::basic_string<char,std::char_traits<char>,std::allocator<char> > >,0> >::insert	xtree	0x1401cce40
std::_Tree<std::_Tset_traits<std::basic_string<char,std::char_traits<char>,std::allocator<char> >,std::less<std::basic_string<char,std::char_traits<char>,std::allocator<char> > >,std::allocator<std::basic_string<char,std::char_traits<char>,std::allocator<char> > >,0> >::insert	0.070872	0.070872	0.0	0.0	CpuHotPaths.exe	std::_Tree<std::_Tset_traits<std::basic_string<char,std::char_traits<char>,std::allocator<char> >,std::less<std::basic_string<char,std::char_traits<char>,std::allocator<char> > >,std::allocator<std::basic_string<char,std::char_traits<char>,std::allocator<char> > >,0> >::insert	xtree	0x1401cafa1
std::_Hash<std::_Umap_traits<std::basic_string<char,std::char_traits<char>,std::allocator<char> >,std::shared_ptr<MaterialX_v1_39_6::ShaderInput>,std::_Uhash_compare<std::basic_string<char,std::char_traits<char>,std::allocator<char> >,std::hash<std::basic_string<char,std::char_traits<char>,std::allocator<char> > >,std::equal_to<std::basic_string<char,std::char_traits<char>,std::allocator<char> > > >,std::allocator<std::pair<std::basic_string<char,std::char_traits<char>,std::allocator<char> > const ,std::shared_ptr<MaterialX_v1_39_6::ShaderInput> > >,0> >::find	0.057923	0.057923	0.0	0.0	CpuHotPaths.exe	std::_Hash<std::_Umap_traits<std::basic_string<char,std::char_traits<char>,std::allocator<char> >,std::shared_ptr<MaterialX_v1_39_6::ShaderInput>,std::_Uhash_compare<std::basic_string<char,std::char_traits<char>,std::allocator<char> >,std::hash<std::basic_string<char,std::char_traits<char>,std::allocator<char> > >,std::equal_to<std::basic_string<char,std::char_traits<char>,std::allocator<char> > > >,std::allocator<std::pair<std::basic_string<char,std::char_traits<char>,std::allocator<char> > const ,std::shared_ptr<MaterialX_v1_39_6::ShaderInput> > >,0> >::find	xhash	0x14014351a
operator delete	0.057812	0.057812	0.0	0.0	CpuHotPaths.exe	operator delete(void *,unsigned __int64)	delete_scalar_size.cpp	0x140234ab4
std::vector<std::basic_string<char,std::char_traits<char>,std::allocator<char> >,std::allocator<std::basic_string<char,std::char_traits<char>,std::allocator<char> > > >::push_back	0.057657	0.057657	0.0	0.0	CpuHotPaths.exe	std::vector<std::basic_string<char,std::char_traits<char>,std::allocator<char> >,std::allocator<std::basic_string<char,std::char_traits<char>,std::allocator<char> > > >::push_back	vector	0x1400cda79
std::basic_ios<char,struct std::char_traits<char> >::imbue	0.057339	0.057339	0.0	0.0	MSVCP140.dll	std::basic_ios<char,struct std::char_traits<char> >::imbue(class std::locale const & __ptr64)	[Unknown]	0x18005a0d0
std::basic_ostream<char,struct std::char_traits<char> >::operator<<	0.057249	0.057249	0.0	0.0	MSVCP140.dll	std::basic_ostream<char,struct std::char_traits<char> >::operator<<(int)	[Unknown]	0x18004f300
std::_Hash<std::_Umap_traits<std::basic_string<char,std::char_traits<char>,std::allocator<char> >,std::basic_string<char,std::char_traits<char>,std::allocator<char> >,std::_Uhash_compare<std::basic_string<char,std::char_traits<char>,std::allocator<char> >,std::hash<std::basic_string<char,std::char_traits<char>,std::allocator<char> > >,std::equal_to<std::basic_string<char,std::char_traits<char>,std::allocator<char> > > >,std::allocator<std::pair<std::basic_string<char,std::char_traits<char>,std::allocator<char> > const ,std::basic_string<char,std::char_traits<char>,std::allocator<char> > > >,0> >::count	0.057068	0.057068	0.0	0.0	CpuHotPaths.exe	std::_Hash<std::_Umap_traits<std::basic_string<char,std::char_traits<char>,std::allocator<char> >,std::basic_string<char,std::char_traits<char>,std::allocator<char> >,std::_Uhash_compare<std::basic_string<char,std::char_traits<char>,std::allocator<char> >,std::hash<std::basic_string<char,std::char_traits<char>,std::allocator<char> > >,std::equal_to<std::basic_string<char,std::char_traits<char>,std::allocator<char> > > >,std::allocator<std::pair<std::basic_string<char,std::char_traits<char>,std::allocator<char> > const ,std::basic_string<char,std::char_traits<char>,std::allocator<char> > > >,0> >::count	xhash	0x1401cf3f4
std::basic_string<char,std::char_traits<char>,std::allocator<char> >::operator=	0.056957	0.056957	0.0	0.0	CpuHotPaths.exe	std::basic_string<char,std::char_traits<char>,std::allocator<char> >::operator=	xstring	0x1401c31c9
std::_Tree<class std::_Tset_traits<class std::basic_string<char,struct std::char_traits<char>,class std::allocator<char> >,struct std::less<class std::basic_string<char,struct std::char_traits<char>,class std::allocator<char> > >,class std::allocator<class std::basic_string<char,struct std::char_traits<char>,class std::allocator<char> > >,0> >::insert<0,0>	0.056822	0.056822	0.0	0.0	CpuHotPaths.exe	std::_Tree<class std::_Tset_traits<class std::basic_string<char,struct std::char_traits<char>,class std::allocator<char> >,struct std::less<class std::basic_string<char,struct std::char_traits<char>,class std::allocator<char> > >,class std::allocator<class std::basic_string<char,struct std::char_traits<char>,class std::allocator<char> > >,0> >::insert<0,0>(class std::basic_string<char,struct std::char_traits<char>,class std::allocator<char> > &&)	xtree	0x140137ba0
std::shared_ptr<MaterialX_v1_39_6::Element const >::{dtor}	0.056664	0.056664	0.0	0.0	CpuHotPaths.exe	std::shared_ptr<MaterialX_v1_39_6::Element const >::{dtor}	memory	0x140190c29
std::vector<std::basic_string<char,std::char_traits<char>,std::allocator<char> >,std::allocator<std::basic_string<char,std::char_traits<char>,std::allocator<char> > > >::push_back	0.056608	0.056608	0.0	0.0	CpuHotPaths.exe	std::vector<std::basic_string<char,std::char_traits<char>,std::allocator<char> >,std::allocator<std::basic_string<char,std::char_traits<char>,std::allocator<char> > > >::push_back	vector	0x14017fe49
std::shared_ptr<MaterialX_v1_39_6::Implementation>::{ctor}	0.056351	0.056351	0.0	0.0	CpuHotPaths.exe	std::shared_ptr<MaterialX_v1_39_6::Implementation>::{ctor}	memory	0x1401e6100
std::basic_string<char,std::char_traits<char>,std::allocator<char> >::substr	0.043758	0.043758	0.0	0.0	CpuHotPaths.exe	std::basic_string<char,std::char_traits<char>,std::allocator<char> >::substr	xstring	0x14017fdf9
std::vector<std::shared_ptr<MaterialX_v1_39_6::NodeDef>,std::allocator<std::shared_ptr<MaterialX_v1_39_6::NodeDef> > >::insert	0.043430	0.043430	0.0	0.0	CpuHotPaths.exe	std::vector<std::shared_ptr<MaterialX_v1_39_6::NodeDef>,std::allocator<std::shared_ptr<MaterialX_v1_39_6::NodeDef> > >::insert	vector	0x1401f121b
std::basic_string<char,struct std::char_traits<char>,class std::allocator<char> >::append	0.043395	0.043395	0.0	0.0	CpuHotPaths.exe	std::basic_string<char,struct std::char_traits<char>,class std::allocator<char> >::append(char const * const,unsigned __int64)	xstring	0x1400b0970
std::unordered_map<std::basic_string<char,std::char_traits<char>,std::allocator<char> >,unsigned __int64,std::hash<std::basic_string<char,std::char_traits<char>,std::allocator<char> > >,std::equal_to<std::basic_string<char,std::char_traits<char>,std::allocator<char> > >,std::allocator<std::pair<std::basic_string<char,std::char_traits<char>,std::allocator<char> > const ,unsigned __int64> > >::operator[]	0.043323	0.043323	0.0	0.0	CpuHotPaths.exe	std::unordered_map<std::basic_string<char,std::char_traits<char>,std::allocator<char> >,unsigned __int64,std::hash<std::basic_string<char,std::char_traits<char>,std::allocator<char> > >,std::equal_to<std::basic_string<char,std::char_traits<char>,std::allocator<char> > >,std::allocator<std::pair<std::basic_string<char,std::char_traits<char>,std::allocator<char> > const ,unsigned __int64> > >::operator[]	unordered_map	0x1401497ce
std::_Hash<std::_Umap_traits<std::basic_string<char,std::char_traits<char>,std::allocator<char> >,std::vector<std::shared_ptr<MaterialX_v1_39_6::InterfaceElement>,std::allocator<std::shared_ptr<MaterialX_v1_39_6::InterfaceElement> > >,std::_Uhash_compare<std::basic_string<char,std::char_traits<char>,std::allocator<char> >,std::hash<std::basic_string<char,std::char_traits<char>,std::allocator<char> > >,std::equal_to<std::basic_string<char,std::char_traits<char>,std::allocator<char> > > >,std::allocator<std::pair<std::basic_string<char,std::char_traits<char>,std::allocator<char> > const ,std::vector<std::shared_ptr<MaterialX_v1_39_6::InterfaceElement>,std::allocator<std::shared_ptr<MaterialX_v1_39_6::InterfaceElement> > > > >,0> >::find	0.043252	0.043252	0.0	0.0	CpuHotPaths.exe	std::_Hash<std::_Umap_traits<std::basic_string<char,std::char_traits<char>,std::allocator<char> >,std::vector<std::shared_ptr<MaterialX_v1_39_6::InterfaceElement>,std::allocator<std::shared_ptr<MaterialX_v1_39_6::InterfaceElement> > >,std::_Uhash_compare<std::basic_string<char,std::char_traits<char>,std::allocator<char> >,std::hash<std::basic_string<char,std::char_traits<char>,std::allocator<char> > >,std::equal_to<std::basic_string<char,std::char_traits<char>,std::allocator<char> > > >,std::allocator<std::pair<std::basic_string<char,std::char_traits<char>,std::allocator<char> > const ,std::vector<std::shared_ptr<MaterialX_v1_39_6::InterfaceElement>,std::allocator<std::shared_ptr<MaterialX_v1_39_6::InterfaceElement> > > > >,0> >::find	xhash	0x1401f0467
std::basic_string<char,std::char_traits<char>,std::allocator<char> >::operator+=	0.043079	0.028387	0.014692	0.0	CpuHotPaths.exe	std::basic_string<char,std::char_traits<char>,std::allocator<char> >::operator+=	xstring	0x140139f46
std::_Tree<std::_Tset_traits<std::shared_ptr<MaterialX_v1_39_6::Element const >,std::less<std::shared_ptr<MaterialX_v1_39_6::Element const > >,std::allocator<std::shared_ptr<MaterialX_v1_39_6::Element const > >,0> >::{dtor}	0.042957	0.042957	0.0	0.0	CpuHotPaths.exe	std::_Tree<std::_Tset_traits<std::shared_ptr<MaterialX_v1_39_6::Element const >,std::less<std::shared_ptr<MaterialX_v1_39_6::Element const > >,std::allocator<std::shared_ptr<MaterialX_v1_39_6::Element const > >,0> >::{dtor}	xtree	0x1401ccbc9
std::basic_ios<char,struct std::char_traits<char> >::~basic_ios<char,struct std::char_traits<char> >	0.042939	0.042939	0.0	0.0	MSVCP140.dll	std::basic_ios<char,struct std::char_traits<char> >::~basic_ios<char,struct std::char_traits<char> >(void)	[Unknown]	0x180007030
std::basic_stringstream<char,std::char_traits<char>,std::allocator<char> >::{dtor}	0.042867	0.042867	0.0	0.0	CpuHotPaths.exe	std::basic_stringstream<char,std::char_traits<char>,std::allocator<char> >::{dtor}	sstream	0x1401fe852
std::_Hash<class std::_Umap_traits<class std::basic_string<char,struct std::char_traits<char>,class std::allocator<char> >,unsigned __int64,class std::_Uhash_compare<class std::basic_string<char,struct std::char_traits<char>,class std::allocator<char> >,struct std::hash<class std::basic_string<char,struct std::char_traits<char>,class std::allocator<char> > >,struct std::equal_to<class std::basic_string<char,struct std::char_traits<char>,class std::allocator<char> > > >,class std::allocator<struct std::pair<class std::basic_string<char,struct std::char_traits<char>,class std::allocator<char> > const ,unsigned __int64> >,0> >::~_Hash<class std::_Umap_traits<class std::basic_string<char,struct std::char_traits<char>,class std::allocator<char> >,unsigned __int64,class std::_Uhash_compare<class std::basic_string<char,struct std::char_traits<char>,class std::allocator<char> >,struct std::hash<class std::basic_string<char,struct std::char_traits<char>,class std::allocator<char> > >,struct std::equal_to<class std::basic_string<char,struct std::char_traits<char>,class std::allocator<char> > > >,class std::allocator<struct std::pair<class std::basic_string<char,struct std::char_traits<char>,class std::allocator<char> > const ,unsigned __int64> >,0> >	0.042847	0.042847	0.0	0.0	CpuHotPaths.exe	std::_Hash<class std::_Umap_traits<class std::basic_string<char,struct std::char_traits<char>,class std::allocator<char> >,unsigned __int64,class std::_Uhash_compare<class std::basic_string<char,struct std::char_traits<char>,class std::allocator<char> >,struct std::hash<class std::basic_string<char,struct std::char_traits<char>,class std::allocator<char> > >,struct std::equal_to<class std::basic_string<char,struct std::char_traits<char>,class std::allocator<char> > > >,class std::allocator<struct std::pair<class std::basic_string<char,struct std::char_traits<char>,class std::allocator<char> > const ,unsigned __int64> >,0> >::~_Hash<class std::_Umap_traits<class std::basic_string<char,struct std::char_traits<char>,class std::allocator<char> >,unsigned __int64,class std::_Uhash_compare<class std::basic_string<char,struct std::char_traits<char>,class std::allocator<char> >,struct std::hash<class std::basic_string<char,struct std::char_traits<char>,class std::allocator<char> > >,struct std::equal_to<class std::basic_string<char,struct std::char_traits<char>,class std::allocator<char> > > >,class std::allocator<struct std::pair<class std::basic_string<char,struct std::char_traits<char>,class std::allocator<char> > const ,unsigned __int64> >,0> >(void)	[Unknown]	0x14014bbf0
std::basic_string<char,struct std::char_traits<char>,class std::allocator<char> >::basic_string<char,struct std::char_traits<char>,class std::allocator<char> >	0.042824	0.042824	0.0	0.0	CpuHotPaths.exe	std::basic_string<char,struct std::char_traits<char>,class std::allocator<char> >::basic_string<char,struct std::char_traits<char>,class std::allocator<char> >(class std::basic_string<char,struct std::char_traits<char>,class std::allocator<char> > const &)	xstring	0x1400aa8d0
operator new	0.042674	0.042674	0.0	0.0	CpuHotPaths.exe	operator new(unsigned __int64)	new_scalar.cpp	0x140234a68
std::_Tree<std::_Tset_traits<std::shared_ptr<MaterialX_v1_39_6::Element const >,std::less<std::shared_ptr<MaterialX_v1_39_6::Element const > >,std::allocator<std::shared_ptr<MaterialX_v1_39_6::Element const > >,0> >::{dtor}	0.042597	0.042597	0.0	0.0	CpuHotPaths.exe	std::_Tree<std::_Tset_traits<std::shared_ptr<MaterialX_v1_39_6::Element const >,std::less<std::shared_ptr<MaterialX_v1_39_6::Element const > >,std::allocator<std::shared_ptr<MaterialX_v1_39_6::Element const > >,0> >::{dtor}	xtree	0x1401cb2b5
std::dynamic_pointer_cast	0.042593	0.042593	0.0	0.0	CpuHotPaths.exe	std::dynamic_pointer_cast	memory	0x1401943f8
MaterialX_v1_39_6::Element::getQualifiedName	0.042572	0.042572	0.0	0.0	CpuHotPaths.exe	MaterialX_v1_39_6::Element::getQualifiedName(class std::basic_string<char,struct std::char_traits<char>,class std::allocator<char> > const &)	Element.h	0x1401c35b0
MaterialX_v1_39_6::ShaderStage::addFunctionCall	0.042567	0.042567	0.0	0.0	CpuHotPaths.exe	MaterialX_v1_39_6::ShaderStage::addFunctionCall(class MaterialX_v1_39_6::ShaderNode const &,class MaterialX_v1_39_6::GenContext &,bool)	ShaderStage.cpp	0x14013a6c0
std::basic_stringstream<char,std::char_traits<char>,std::allocator<char> >::{dtor}	0.042419	0.042419	0.0	0.0	CpuHotPaths.exe	std::basic_stringstream<char,std::char_traits<char>,std::allocator<char> >::{dtor}	sstream	0x1401fb565
std::enable_shared_from_this<MaterialX_v1_39_6::Element>::shared_from_this	0.042379	0.042379	0.0	0.0	CpuHotPaths.exe	std::enable_shared_from_this<MaterialX_v1_39_6::Element>::shared_from_this	memory	0x140191a57
std::vector<std::shared_ptr<MaterialX_v1_39_6::InterfaceElement>,std::allocator<std::shared_ptr<MaterialX_v1_39_6::InterfaceElement> > >::insert	0.042335	0.042335	0.0	0.0	CpuHotPaths.exe	std::vector<std::shared_ptr<MaterialX_v1_39_6::InterfaceElement>,std::allocator<std::shared_ptr<MaterialX_v1_39_6::InterfaceElement> > >::insert	vector	0x1401f0a8b
std::_Hash<std::_Umap_traits<std::basic_string<char,std::char_traits<char>,std::allocator<char> >,std::vector<std::shared_ptr<MaterialX_v1_39_6::NodeDef>,std::allocator<std::shared_ptr<MaterialX_v1_39_6::NodeDef> > >,std::_Uhash_compare<std::basic_string<char,std::char_traits<char>,std::allocator<char> >,std::hash<std::basic_string<char,std::char_traits<char>,std::allocator<char> > >,std::equal_to<std::basic_string<char,std::char_traits<char>,std::allocator<char> > > >,std::allocator<std::pair<std::basic_string<char,std::char_traits<char>,std::allocator<char> > const ,std::vector<std::shared_ptr<MaterialX_v1_39_6::NodeDef>,std::allocator<std::shared_ptr<MaterialX_v1_39_6::NodeDef> > > > >,0> >::find	0.042251	0.042251	0.0	0.0	CpuHotPaths.exe	std::_Hash<std::_Umap_traits<std::basic_string<char,std::char_traits<char>,std::allocator<char> >,std::vector<std::shared_ptr<MaterialX_v1_39_6::NodeDef>,std::allocator<std::shared_ptr<MaterialX_v1_39_6::NodeDef> > >,std::_Uhash_compare<std::basic_string<char,std::char_traits<char>,std::allocator<char> >,std::hash<std::basic_string<char,std::char_traits<char>,std::allocator<char> > >,std::equal_to<std::basic_string<char,std::char_traits<char>,std::allocator<char> > > >,std::allocator<std::pair<std::basic_string<char,std::char_traits<char>,std::allocator<char> > const ,std::vector<std::shared_ptr<MaterialX_v1_39_6::NodeDef>,std::allocator<std::shared_ptr<MaterialX_v1_39_6::NodeDef> > > > >,0> >::find	xhash	0x1401f0c07
MaterialX_v1_39_6::TypeDesc::constexpr_hash	0.042076	0.042076	0.0	0.0	CpuHotPaths.exe	MaterialX_v1_39_6::TypeDesc::constexpr_hash	TypeDesc.h	0x1401416bc
std::vector<std::shared_ptr<MaterialX_v1_39_6::ValueElement>,std::allocator<std::shared_ptr<MaterialX_v1_39_6::ValueElement> > >::push_back	0.041966	0.041966	0.0	0.0	CpuHotPaths.exe	std::vector<std::shared_ptr<MaterialX_v1_39_6::ValueElement>,std::allocator<std::shared_ptr<MaterialX_v1_39_6::ValueElement> > >::push_back	vector	0x1401b054b
std::shared_ptr<MaterialX_v1_39_6::Element const >::operator=	0.041901	0.041901	0.0	0.0	CpuHotPaths.exe	std::shared_ptr<MaterialX_v1_39_6::Element const >::operator=	memory	0x1401c36b4
MaterialX_v1_39_6::GraphIterator::operator++	0.029792	0.029792	0.0	0.0	CpuHotPaths.exe	MaterialX_v1_39_6::GraphIterator::operator++(void)	Traversal.cpp	0x1402043a0
std::dynamic_pointer_cast	0.029672	0.029672	0.0	0.0	CpuHotPaths.exe	std::dynamic_pointer_cast	memory	0x140191a88
std::_Tree<std::_Tset_traits<MaterialX_v1_39_6::ShaderNode *,std::less<MaterialX_v1_39_6::ShaderNode *>,std::allocator<MaterialX_v1_39_6::ShaderNode *>,0> >::insert	0.029383	0.029383	0.0	0.0	CpuHotPaths.exe	std::_Tree<std::_Tset_traits<MaterialX_v1_39_6::ShaderNode *,std::less<MaterialX_v1_39_6::ShaderNode *>,std::allocator<MaterialX_v1_39_6::ShaderNode *>,0> >::insert	xtree	0x140165b62
std::shared_ptr<MaterialX_v1_39_6::Implementation>::{dtor}	0.029371	0.029371	0.0	0.0	CpuHotPaths.exe	std::shared_ptr<MaterialX_v1_39_6::Implementation>::{dtor}	memory	0x1401e625c
std::shared_ptr<MaterialX_v1_39_6::Element>::{ctor}	0.029187	0.029187	0.0	0.0	CpuHotPaths.exe	std::shared_ptr<MaterialX_v1_39_6::Element>::{ctor}	memory	0x1401b0465
std::_Tree<std::_Tset_traits<std::basic_string<char,std::char_traits<char>,std::allocator<char> >,std::less<std::basic_string<char,std::char_traits<char>,std::allocator<char> > >,std::allocator<std::basic_string<char,std::char_traits<char>,std::allocator<char> > >,0> >::{dtor}	0.029171	0.029171	0.0	0.0	CpuHotPaths.exe	std::_Tree<std::_Tset_traits<std::basic_string<char,std::char_traits<char>,std::allocator<char> >,std::less<std::basic_string<char,std::char_traits<char>,std::allocator<char> > >,std::allocator<std::basic_string<char,std::char_traits<char>,std::allocator<char> > >,0> >::{dtor}	xtree	0x1401cd19a
MaterialX_v1_39_6::ValueElement::hasInterfaceName	0.029132	0.029132	0.0	0.0	CpuHotPaths.exe	MaterialX_v1_39_6::ValueElement::hasInterfaceName(void)	Element.h	0x1401cf3f0
std::enable_shared_from_this<MaterialX_v1_39_6::Element>::shared_from_this	0.029129	0.029129	0.0	0.0	CpuHotPaths.exe	std::enable_shared_from_this<MaterialX_v1_39_6::Element>::shared_from_this	memory	0x1401c8ff6
std::_Hash<class std::_Umap_traits<class std::basic_string<char,struct std::char_traits<char>,class std::allocator<char> >,class std::shared_ptr<class MaterialX_v1_39_6::ShaderOutput>,class std::_Uhash_compare<class std::basic_string<char,struct std::char_traits<char>,class std::allocator<char> >,struct std::hash<class std::basic_string<char,struct std::char_traits<char>,class std::allocator<char> > >,struct std::equal_to<class std::basic_string<char,struct std::char_traits<char>,class std::allocator<char> > > >,class std::allocator<struct std::pair<class std::basic_string<char,struct std::char_traits<char>,class std::allocator<char> > const ,class std::shared_ptr<class MaterialX_v1_39_6::ShaderOutput> > >,0> >::~_Hash<class std::_Umap_traits<class std::basic_string<char,struct std::char_traits<char>,class std::allocator<char> >,class std::shared_ptr<class MaterialX_v1_39_6::ShaderOutput>,class std::_Uhash_compare<class std::basic_string<char,struct std::char_traits<char>,class std::allocator<char> >,struct std::hash<class std::basic_string<char,struct std::char_traits<char>,class std::allocator<char> > >,struct std::equal_to<class std::basic_string<char,struct std::char_traits<char>,class std::allocator<char> > > >,class std::allocator<struct std::pair<class std::basic_string<char,struct std::char_traits<char>,class std::allocator<char> > const ,class std::shared_ptr<class MaterialX_v1_39_6::ShaderOutput> > >,0> >	0.028998	0.028998	0.0	0.0	CpuHotPaths.exe	std::_Hash<class std::_Umap_traits<class std::basic_string<char,struct std::char_traits<char>,class std::allocator<char> >,class std::shared_ptr<class MaterialX_v1_39_6::ShaderOutput>,class std::_Uhash_compare<class std::basic_string<char,struct std::char_traits<char>,class std::allocator<char> >,struct std::hash<class std::basic_string<char,struct std::char_traits<char>,class std::allocator<char> > >,struct std::equal_to<class std::basic_string<char,struct std::char_traits<char>,class std::allocator<char> > > >,class std::allocator<struct std::pair<class std::basic_string<char,struct std::char_traits<char>,class std::allocator<char> > const ,class std::shared_ptr<class MaterialX_v1_39_6::ShaderOutput> > >,0> >::~_Hash<class std::_Umap_traits<class std::basic_string<char,struct std::char_traits<char>,class std::allocator<char> >,class std::shared_ptr<class MaterialX_v1_39_6::ShaderOutput>,class std::_Uhash_compare<class std::basic_string<char,struct std::char_traits<char>,class std::allocator<char> >,struct std::hash<class std::basic_string<char,struct std::char_traits<char>,class std::allocator<char> > >,struct std::equal_to<class std::basic_string<char,struct std::char_traits<char>,class std::allocator<char> > > >,class std::allocator<struct std::pair<class std::basic_string<char,struct std::char_traits<char>,class std::allocator<char> > const ,class std::shared_ptr<class MaterialX_v1_39_6::ShaderOutput> > >,0> >(void)	[Unknown]	0x14013ee60
std::vector<std::shared_ptr<MaterialX_v1_39_6::Input>,std::allocator<std::shared_ptr<MaterialX_v1_39_6::Input> > >::push_back	0.028963	0.028963	0.0	0.0	CpuHotPaths.exe	std::vector<std::shared_ptr<MaterialX_v1_39_6::Input>,std::allocator<std::shared_ptr<MaterialX_v1_39_6::Input> > >::push_back	vector	0x1401a90db
std::_Tree<std::_Tset_traits<std::shared_ptr<MaterialX_v1_39_6::Element const >,std::less<std::shared_ptr<MaterialX_v1_39_6::Element const > >,std::allocator<std::shared_ptr<MaterialX_v1_39_6::Element const > >,0> >::{dtor}	0.028957	0.028957	0.0	0.0	CpuHotPaths.exe	std::_Tree<std::_Tset_traits<std::shared_ptr<MaterialX_v1_39_6::Element const >,std::less<std::shared_ptr<MaterialX_v1_39_6::Element const > >,std::allocator<std::shared_ptr<MaterialX_v1_39_6::Element const > >,0> >::{dtor}	xtree	0x1401ccb73
std::_Tree<std::_Tset_traits<std::shared_ptr<MaterialX_v1_39_6::Element const >,std::less<std::shared_ptr<MaterialX_v1_39_6::Element const > >,std::allocator<std::shared_ptr<MaterialX_v1_39_6::Element const > >,0> >::{dtor}	0.028910	0.028910	0.0	0.0	CpuHotPaths.exe	std::_Tree<std::_Tset_traits<std::shared_ptr<MaterialX_v1_39_6::Element const >,std::less<std::shared_ptr<MaterialX_v1_39_6::Element const > >,std::allocator<std::shared_ptr<MaterialX_v1_39_6::Element const > >,0> >::{dtor}	xtree	0x1401cd146
std::basic_string<char,std::char_traits<char>,std::allocator<char> >::find	0.028900	0.028900	0.0	0.0	CpuHotPaths.exe	std::basic_string<char,std::char_traits<char>,std::allocator<char> >::find	xstring	0x140139e90
std::_Hash<std::_Umap_traits<std::basic_string<char,std::char_traits<char>,std::allocator<char> >,std::basic_string<char,std::char_traits<char>,std::allocator<char> >,std::_Uhash_compare<std::basic_string<char,std::char_traits<char>,std::allocator<char> >,std::hash<std::basic_string<char,std::char_traits<char>,std::allocator<char> > >,std::equal_to<std::basic_string<char,std::char_traits<char>,std::allocator<char> > > >,std::allocator<std::pair<std::basic_string<char,std::char_traits<char>,std::allocator<char> > const ,std::basic_string<char,std::char_traits<char>,std::allocator<char> > > >,0> >::count	0.028890	0.028890	0.0	0.0	CpuHotPaths.exe	std::_Hash<std::_Umap_traits<std::basic_string<char,std::char_traits<char>,std::allocator<char> >,std::basic_string<char,std::char_traits<char>,std::allocator<char> >,std::_Uhash_compare<std::basic_string<char,std::char_traits<char>,std::allocator<char> >,std::hash<std::basic_string<char,std::char_traits<char>,std::allocator<char> > >,std::equal_to<std::basic_string<char,std::char_traits<char>,std::allocator<char> > > >,std::allocator<std::pair<std::basic_string<char,std::char_traits<char>,std::allocator<char> > const ,std::basic_string<char,std::char_traits<char>,std::allocator<char> > > >,0> >::count	xhash	0x1401c4664
MaterialX_v1_39_6::Syntax::makeIdentifier	0.028888	0.028888	0.0	0.0	CpuHotPaths.exe	MaterialX_v1_39_6::Syntax::makeIdentifier(class std::basic_string<char,struct std::char_traits<char>,class std::allocator<char> > &,class std::unordered_map<class std::basic_string<char,struct std::char_traits<char>,class std::allocator<char> >,unsigned __int64,struct std::hash<class std::basic_string<char,struct std::char_traits<char>,class std::allocator<char> > >,struct std::equal_to<class std::basic_string<char,struct std::char_traits<char>,class std::allocator<char> > >,class std::allocator<struct std::pair<class std::basic_string<char,struct std::char_traits<char>,class std::allocator<char> > const ,unsigned __int64> > > &)	Syntax.cpp	0x140149490
MaterialX_v1_39_6::splitString	0.028866	0.028866	0.0	0.0	CpuHotPaths.exe	MaterialX_v1_39_6::splitString(class std::basic_string<char,struct std::char_traits<char>,class std::allocator<char> > const &,class std::basic_string<char,struct std::char_traits<char>,class std::allocator<char> > const &)	Util.cpp	0x14017fd70
std::_Tree<std::_Tset_traits<MaterialX_v1_39_6::ShaderNode *,std::less<MaterialX_v1_39_6::ShaderNode *>,std::allocator<MaterialX_v1_39_6::ShaderNode *>,0> >::count	0.028807	0.028807	0.0	0.0	CpuHotPaths.exe	std::_Tree<std::_Tset_traits<MaterialX_v1_39_6::ShaderNode *,std::less<MaterialX_v1_39_6::ShaderNode *>,std::allocator<MaterialX_v1_39_6::ShaderNode *>,0> >::count	xtree	0x140165d64
std::_Hash<std::_Umap_traits<std::basic_string<char,std::char_traits<char>,std::allocator<char> >,std::shared_ptr<MaterialX_v1_39_6::Value> (__cdecl*)(std::basic_string<char,std::char_traits<char>,std::allocator<char> > const &),std::_Uhash_compare<std::basic_string<char,std::char_traits<char>,std::allocator<char> >,std::hash<std::basic_string<char,std::char_traits<char>,std::allocator<char> > >,std::equal_to<std::basic_string<char,std::char_traits<char>,std::allocator<char> > > >,std::allocator<std::pair<std::basic_string<char,std::char_traits<char>,std::allocator<char> > const ,std::shared_ptr<MaterialX_v1_39_6::Value> (__cdecl*)(std::basic_string<char,std::char_traits<char>,std::allocator<char> > const &)> >,0> >::find	0.028798	0.028798	0.0	0.0	CpuHotPaths.exe	std::_Hash<std::_Umap_traits<std::basic_string<char,std::char_traits<char>,std::allocator<char> >,std::shared_ptr<MaterialX_v1_39_6::Value> (__cdecl*)(std::basic_string<char,std::char_traits<char>,std::allocator<char> > const &),std::_Uhash_compare<std::basic_string<char,std::char_traits<char>,std::allocator<char> >,std::hash<std::basic_string<char,std::char_traits<char>,std::allocator<char> > >,std::equal_to<std::basic_string<char,std::char_traits<char>,std::allocator<char> > > >,std::allocator<std::pair<std::basic_string<char,std::char_traits<char>,std::allocator<char> > const ,std::shared_ptr<MaterialX_v1_39_6::Value> (__cdecl*)(std::basic_string<char,std::char_traits<char>,std::allocator<char> > const &)> >,0> >::find	xhash	0x140202942
MaterialX_v1_39_6::Input::getConnectedNode	0.028747	0.028747	0.0	0.0	CpuHotPaths.exe	MaterialX_v1_39_6::Input::getConnectedNode(void)	Interface.cpp	0x1401cd320
std::_Tree<std::_Tset_traits<std::shared_ptr<MaterialX_v1_39_6::Element const >,std::less<std::shared_ptr<MaterialX_v1_39_6::Element const > >,std::allocator<std::shared_ptr<MaterialX_v1_39_6::Element const > >,0> >::{dtor}	0.028693	0.028693	0.0	0.0	CpuHotPaths.exe	std::_Tree<std::_Tset_traits<std::shared_ptr<MaterialX_v1_39_6::Element const >,std::less<std::shared_ptr<MaterialX_v1_39_6::Element const > >,std::allocator<std::shared_ptr<MaterialX_v1_39_6::Element const > >,0> >::{dtor}	xtree	0x1401cb25a
std::vector<std::shared_ptr<MaterialX_v1_39_6::Output>,std::allocator<std::shared_ptr<MaterialX_v1_39_6::Output> > >::{dtor}	0.028626	0.028626	0.0	0.0	CpuHotPaths.exe	std::vector<std::shared_ptr<MaterialX_v1_39_6::Output>,std::allocator<std::shared_ptr<MaterialX_v1_39_6::Output> > >::{dtor}	vector	0x1401cbcc0
std::_Tree<std::_Tset_traits<std::shared_ptr<MaterialX_v1_39_6::Element>,std::less<std::shared_ptr<MaterialX_v1_39_6::Element> >,std::allocator<std::shared_ptr<MaterialX_v1_39_6::Element> >,0> >::erase	0.028565	0.028565	0.0	0.0	CpuHotPaths.exe	std::_Tree<std::_Tset_traits<std::shared_ptr<MaterialX_v1_39_6::Element>,std::less<std::shared_ptr<MaterialX_v1_39_6::Element> >,std::allocator<std::shared_ptr<MaterialX_v1_39_6::Element> >,0> >::erase	xtree	0x14020643a
std::basic_string<char,std::char_traits<char>,std::allocator<char> >::{dtor}	0.028560	0.028560	0.0	0.0	CpuHotPaths.exe	std::basic_string<char,std::char_traits<char>,std::allocator<char> >::{dtor}	xstring	0x14014dbf9
std::vector<std::shared_ptr<MaterialX_v1_39_6::Input>,std::allocator<std::shared_ptr<MaterialX_v1_39_6::Input> > >::{dtor}	0.028548	0.028548	0.0	0.0	CpuHotPaths.exe	std::vector<std::shared_ptr<MaterialX_v1_39_6::Input>,std::allocator<std::shared_ptr<MaterialX_v1_39_6::Input> > >::{dtor}	vector	0x1401cb160
std::_Tree<std::_Tset_traits<MaterialX_v1_39_6::ShaderGraphEdge,std::less<MaterialX_v1_39_6::ShaderGraphEdge>,std::allocator<MaterialX_v1_39_6::ShaderGraphEdge>,0> >::emplace	0.028538	0.028538	0.0	0.0	CpuHotPaths.exe	std::_Tree<std::_Tset_traits<MaterialX_v1_39_6::ShaderGraphEdge,std::less<MaterialX_v1_39_6::ShaderGraphEdge>,std::allocator<MaterialX_v1_39_6::ShaderGraphEdge>,0> >::emplace	xtree	0x140166a86
std::_Hash<std::_Umap_traits<std::basic_string<char,std::char_traits<char>,std::allocator<char> >,std::shared_ptr<MaterialX_v1_39_6::ShaderNode>,std::_Uhash_compare<std::basic_string<char,std::char_traits<char>,std::allocator<char> >,std::hash<std::basic_string<char,std::char_traits<char>,std::allocator<char> > >,std::equal_to<std::basic_string<char,std::char_traits<char>,std::allocator<char> > > >,std::allocator<std::pair<std::basic_string<char,std::char_traits<char>,std::allocator<char> > const ,std::shared_ptr<MaterialX_v1_39_6::ShaderNode> > >,0> >::find	0.028537	0.028537	0.0	0.0	CpuHotPaths.exe	std::_Hash<std::_Umap_traits<std::basic_string<char,std::char_traits<char>,std::allocator<char> >,std::shared_ptr<MaterialX_v1_39_6::ShaderNode>,std::_Uhash_compare<std::basic_string<char,std::char_traits<char>,std::allocator<char> >,std::hash<std::basic_string<char,std::char_traits<char>,std::allocator<char> > >,std::equal_to<std::basic_string<char,std::char_traits<char>,std::allocator<char> > > >,std::allocator<std::pair<std::basic_string<char,std::char_traits<char>,std::allocator<char> > const ,std::shared_ptr<MaterialX_v1_39_6::ShaderNode> > >,0> >::find	xhash	0x1401644fa
std::operator+	0.028519	0.028519	0.0	0.0	CpuHotPaths.exe	std::operator+	xstring	0x1401c3177
std::_Hash<std::_Umap_traits<std::basic_string<char,std::char_traits<char>,std::allocator<char> >,std::basic_string<char,std::char_traits<char>,std::allocator<char> >,std::_Uhash_compare<std::basic_string<char,std::char_traits<char>,std::allocator<char> >,std::hash<std::basic_string<char,std::char_traits<char>,std::allocator<char> > >,std::equal_to<std::basic_string<char,std::char_traits<char>,std::allocator<char> > > >,std::allocator<std::pair<std::basic_string<char,std::char_traits<char>,std::allocator<char> > const ,std::basic_string<char,std::char_traits<char>,std::allocator<char> > > >,0> >::count	0.028515	0.028515	0.0	0.0	CpuHotPaths.exe	std::_Hash<std::_Umap_traits<std::basic_string<char,std::char_traits<char>,std::allocator<char> >,std::basic_string<char,std::char_traits<char>,std::allocator<char> >,std::_Uhash_compare<std::basic_string<char,std::char_traits<char>,std::allocator<char> >,std::hash<std::basic_string<char,std::char_traits<char>,std::allocator<char> > >,std::equal_to<std::basic_string<char,std::char_traits<char>,std::allocator<char> > > >,std::allocator<std::pair<std::basic_string<char,std::char_traits<char>,std::allocator<char> > const ,std::basic_string<char,std::char_traits<char>,std::allocator<char> > > >,0> >::count	xhash	0x1401d2f22
std::enable_shared_from_this<MaterialX_v1_39_6::Element>::shared_from_this	0.028493	0.028493	0.0	0.0	CpuHotPaths.exe	std::enable_shared_from_this<MaterialX_v1_39_6::Element>::shared_from_this	memory	0x1401932c7
std::shared_ptr<MaterialX_v1_39_6::Document const >::{dtor}	0.028467	0.028467	0.0	0.0	CpuHotPaths.exe	std::shared_ptr<MaterialX_v1_39_6::Document const >::{dtor}	memory	0x1401c3d9d
std::vector<std::shared_ptr<MaterialX_v1_39_6::Output>,std::allocator<std::shared_ptr<MaterialX_v1_39_6::Output> > >::push_back	0.028393	0.028393	0.0	0.0	CpuHotPaths.exe	std::vector<std::shared_ptr<MaterialX_v1_39_6::Output>,std::allocator<std::shared_ptr<MaterialX_v1_39_6::Output> > >::push_back	vector	0x1401ac37b
std::enable_shared_from_this<MaterialX_v1_39_6::Element>::shared_from_this	0.028389	0.028389	0.0	0.0	CpuHotPaths.exe	std::enable_shared_from_this<MaterialX_v1_39_6::Element>::shared_from_this	memory	0x1401c2f8a
std::shared_ptr<MaterialX_v1_39_6::Element>::{dtor}	0.028321	0.028321	0.0	0.0	CpuHotPaths.exe	std::shared_ptr<MaterialX_v1_39_6::Element>::{dtor}	memory	0x140193339
std::vector<std::shared_ptr<MaterialX_v1_39_6::NodeDef>,std::allocator<std::shared_ptr<MaterialX_v1_39_6::NodeDef> > >::{dtor}	0.028293	0.028293	0.0	0.0	CpuHotPaths.exe	std::vector<std::shared_ptr<MaterialX_v1_39_6::NodeDef>,std::allocator<std::shared_ptr<MaterialX_v1_39_6::NodeDef> > >::{dtor}	vector	0x1401e5a9d
std::make_shared<MaterialX_v1_39_6::ShaderInput,MaterialX_v1_39_6::ShaderNode *,MaterialX_v1_39_6::TypeDesc &,std::basic_string<char,std::char_traits<char>,std::allocator<char> > const &>	0.028268	0.028268	0.0	0.0	CpuHotPaths.exe	std::make_shared<MaterialX_v1_39_6::ShaderInput,MaterialX_v1_39_6::ShaderNode *,MaterialX_v1_39_6::TypeDesc &,std::basic_string<char,std::char_traits<char>,std::allocator<char> > const &>(class MaterialX_v1_39_6::ShaderNode * *, class MaterialX_v1_39_6::TypeDesc & const, const class std::basic_string<char,std::char_traits<char>,std::allocator<char> > & const)	memory	0x14013e490
std::make_shared<MaterialX_v1_39_6::ShaderOutput,MaterialX_v1_39_6::ShaderNode *,MaterialX_v1_39_6::TypeDesc &,std::basic_string<char,std::char_traits<char>,std::allocator<char> > const &>	0.028239	0.028239	0.0	0.0	CpuHotPaths.exe	std::make_shared<MaterialX_v1_39_6::ShaderOutput,MaterialX_v1_39_6::ShaderNode *,MaterialX_v1_39_6::TypeDesc &,std::basic_string<char,std::char_traits<char>,std::allocator<char> > const &>(class MaterialX_v1_39_6::ShaderNode * *, class MaterialX_v1_39_6::TypeDesc & const, const class std::basic_string<char,std::char_traits<char>,std::allocator<char> > & const)	memory	0x14013e720
std::shared_ptr<MaterialX_v1_39_6::Element>::{ctor}	0.028187	0.028187	0.0	0.0	CpuHotPaths.exe	std::shared_ptr<MaterialX_v1_39_6::Element>::{ctor}	memory	0x1401c22de
std::enable_shared_from_this<MaterialX_v1_39_6::Element>::shared_from_this	0.028175	0.028175	0.0	0.0	CpuHotPaths.exe	std::enable_shared_from_this<MaterialX_v1_39_6::Element>::shared_from_this	memory	0x140194e67
std::_Tree<std::_Tset_traits<std::shared_ptr<MaterialX_v1_39_6::Element const >,std::less<std::shared_ptr<MaterialX_v1_39_6::Element const > >,std::allocator<std::shared_ptr<MaterialX_v1_39_6::Element const > >,0> >::{dtor}	0.028157	0.028157	0.0	0.0	CpuHotPaths.exe	std::_Tree<std::_Tset_traits<std::shared_ptr<MaterialX_v1_39_6::Element const >,std::less<std::shared_ptr<MaterialX_v1_39_6::Element const > >,std::allocator<std::shared_ptr<MaterialX_v1_39_6::Element const > >,0> >::{dtor}	xtree	0x1401cb204
std::shared_ptr<MaterialX_v1_39_6::Element const >::{dtor}	0.028128	0.028128	0.0	0.0	CpuHotPaths.exe	std::shared_ptr<MaterialX_v1_39_6::Element const >::{dtor}	memory	0x1401ca142
std::_Tree<class std::_Tset_traits<class std::shared_ptr<class MaterialX_v1_39_6::Element>,struct std::less<class std::shared_ptr<class MaterialX_v1_39_6::Element> >,class std::allocator<class std::shared_ptr<class MaterialX_v1_39_6::Element> >,0> >::insert<0,0>	0.028110	0.028110	0.0	0.0	CpuHotPaths.exe	std::_Tree<class std::_Tset_traits<class std::shared_ptr<class MaterialX_v1_39_6::Element>,struct std::less<class std::shared_ptr<class MaterialX_v1_39_6::Element> >,class std::allocator<class std::shared_ptr<class MaterialX_v1_39_6::Element> >,0> >::insert<0,0>(class std::shared_ptr<class MaterialX_v1_39_6::Element> const &)	xtree	0x140203e00
std::shared_ptr<MaterialX_v1_39_6::Element>::{ctor}	0.028102	0.028102	0.0	0.0	CpuHotPaths.exe	std::shared_ptr<MaterialX_v1_39_6::Element>::{ctor}	memory	0x1401ac295
std::basic_string<char,std::char_traits<char>,std::allocator<char> >::operator+=	0.028070	0.028070	0.0	0.0	CpuHotPaths.exe	std::basic_string<char,std::char_traits<char>,std::allocator<char> >::operator+=	xstring	0x140175272
std::vector<std::basic_string<char,std::char_traits<char>,std::allocator<char> >,std::allocator<std::basic_string<char,std::char_traits<char>,std::allocator<char> > > >::{dtor}	0.028058	0.028058	0.0	0.0	CpuHotPaths.exe	std::vector<std::basic_string<char,std::char_traits<char>,std::allocator<char> >,std::allocator<std::basic_string<char,std::char_traits<char>,std::allocator<char> > > >::{dtor}	vector	0x14016a428
std::dynamic_pointer_cast	0.028045	0.028045	0.0	0.0	CpuHotPaths.exe	std::dynamic_pointer_cast	memory	0x1401932f8
std::dynamic_pointer_cast	0.028033	0.028033	0.0	0.0	CpuHotPaths.exe	std::dynamic_pointer_cast	memory	0x140191db8
std::shared_ptr<MaterialX_v1_39_6::Element>::{ctor}	0.028011	0.028011	0.0	0.0	CpuHotPaths.exe	std::shared_ptr<MaterialX_v1_39_6::Element>::{ctor}	memory	0x1401a8ff5
std::_Hash<std::_Umap_traits<std::basic_string<char,std::char_traits<char>,std::allocator<char> >,unsigned __int64,std::_Uhash_compare<std::basic_string<char,std::char_traits<char>,std::allocator<char> >,std::hash<std::basic_string<char,std::char_traits<char>,std::allocator<char> > >,std::equal_to<std::basic_string<char,std::char_traits<char>,std::allocator<char> > > >,std::allocator<std::pair<std::basic_string<char,std::char_traits<char>,std::allocator<char> > const ,unsigned __int64> >,0> >::find	0.027981	0.027981	0.0	0.0	CpuHotPaths.exe	std::_Hash<std::_Umap_traits<std::basic_string<char,std::char_traits<char>,std::allocator<char> >,unsigned __int64,std::_Uhash_compare<std::basic_string<char,std::char_traits<char>,std::allocator<char> >,std::hash<std::basic_string<char,std::char_traits<char>,std::allocator<char> > >,std::equal_to<std::basic_string<char,std::char_traits<char>,std::allocator<char> > > >,std::allocator<std::pair<std::basic_string<char,std::char_traits<char>,std::allocator<char> > const ,unsigned __int64> >,0> >::find	xhash	0x1401494cd
isalnum	0.027766	0.027766	0.0	0.0	ucrtbase.dll	isalnum	[Unknown]	0x18000dbe0
std::shared_ptr<MaterialX_v1_39_6::Document>::{dtor}	0.015337	0.015337	0.0	0.0	CpuHotPaths.exe	std::shared_ptr<MaterialX_v1_39_6::Document>::{dtor}	memory	0x1401f3577
std::basic_string<char,std::char_traits<char>,std::allocator<char> >::operator=	0.015335	0.015335	0.0	0.0	CpuHotPaths.exe	std::basic_string<char,std::char_traits<char>,std::allocator<char> >::operator=	xstring	0x1401fe7b4
std::_Tree<std::_Tset_traits<std::basic_string<char,std::char_traits<char>,std::allocator<char> >,std::less<std::basic_string<char,std::char_traits<char>,std::allocator<char> > >,std::allocator<std::basic_string<char,std::char_traits<char>,std::allocator<char> > >,0> >::{dtor}	0.015083	0.015083	0.0	0.0	CpuHotPaths.exe	std::_Tree<std::_Tset_traits<std::basic_string<char,std::char_traits<char>,std::allocator<char> >,std::less<std::basic_string<char,std::char_traits<char>,std::allocator<char> > >,std::allocator<std::basic_string<char,std::char_traits<char>,std::allocator<char> > >,0> >::{dtor}	xtree	0x1401c8d94
std::weak_ptr<MaterialX_v1_39_6::Element>::{dtor}	0.015081	0.015081	0.0	0.0	CpuHotPaths.exe	std::weak_ptr<MaterialX_v1_39_6::Element>::{dtor}	memory	0x1400ad507
MaterialX_v1_39_6::PortElement::getConnectedOutput	0.015010	0.015010	0.0	0.0	CpuHotPaths.exe	MaterialX_v1_39_6::PortElement::getConnectedOutput(void)	Interface.cpp	0x1401cda80
MaterialX_v1_39_6::ShaderGenerator::emitDependentFunctionCalls	0.014997	0.014997	0.0	0.0	CpuHotPaths.exe	MaterialX_v1_39_6::ShaderGenerator::emitDependentFunctionCalls(class MaterialX_v1_39_6::ShaderNode const &,class MaterialX_v1_39_6::GenContext &,class MaterialX_v1_39_6::ShaderStage &,unsigned int)	ShaderGenerator.cpp	0x14014d6f0
MaterialX_v1_39_6::Element::getChild	0.014968	0.014968	0.0	0.0	CpuHotPaths.exe	MaterialX_v1_39_6::Element::getChild(class std::basic_string<char,struct std::char_traits<char>,class std::allocator<char> > const &)	Element.cpp	0x1401c2250
std::shared_ptr<MaterialX_v1_39_6::Value>::{dtor}	0.014951	0.014951	0.0	0.0	CpuHotPaths.exe	std::shared_ptr<MaterialX_v1_39_6::Value>::{dtor}	memory	0x1401502c1
std::dynamic_pointer_cast	0.014949	0.014949	0.0	0.0	CpuHotPaths.exe	std::dynamic_pointer_cast	memory	0x140192c98
std::shared_ptr<MaterialX_v1_39_6::Element const >::operator=	0.014948	0.014948	0.0	0.0	CpuHotPaths.exe	std::shared_ptr<MaterialX_v1_39_6::Element const >::operator=	memory	0x14019b093
std::shared_ptr<MaterialX_v1_39_6::Document const >::{dtor}	0.014931	0.014931	0.0	0.0	CpuHotPaths.exe	std::shared_ptr<MaterialX_v1_39_6::Document const >::{dtor}	memory	0x1401a211a
std::basic_string<char,std::char_traits<char>,std::allocator<char> >::operator=	0.014930	0.014930	0.0	0.0	CpuHotPaths.exe	std::basic_string<char,std::char_traits<char>,std::allocator<char> >::operator=	xstring	0x140175641
std::vector<std::shared_ptr<MaterialX_v1_39_6::Node const >,std::allocator<std::shared_ptr<MaterialX_v1_39_6::Node const > > >::push_back	0.014892	0.014892	0.0	0.0	CpuHotPaths.exe	std::vector<std::shared_ptr<MaterialX_v1_39_6::Node const >,std::allocator<std::shared_ptr<MaterialX_v1_39_6::Node const > > >::push_back	vector	0x140162e67
std::shared_ptr<MaterialX_v1_39_6::Element>::{ctor}	0.014882	0.014882	0.0	0.0	CpuHotPaths.exe	std::shared_ptr<MaterialX_v1_39_6::Element>::{ctor}	memory	0x14020451b
std::_Tree<std::_Tset_traits<std::shared_ptr<MaterialX_v1_39_6::Element const >,std::less<std::shared_ptr<MaterialX_v1_39_6::Element const > >,std::allocator<std::shared_ptr<MaterialX_v1_39_6::Element const > >,0> >::{dtor}	0.014868	0.014868	0.0	0.0	CpuHotPaths.exe	std::_Tree<std::_Tset_traits<std::shared_ptr<MaterialX_v1_39_6::Element const >,std::less<std::shared_ptr<MaterialX_v1_39_6::Element const > >,std::allocator<std::shared_ptr<MaterialX_v1_39_6::Element const > >,0> >::{dtor}	xtree	0x1401cac2f
std::dynamic_pointer_cast	0.014864	0.014864	0.0	0.0	CpuHotPaths.exe	std::dynamic_pointer_cast	memory	0x140194e98
MaterialX_v1_39_6::ShaderGraph::applyInputTransforms	0.014859	0.014859	0.0	0.0	CpuHotPaths.exe	MaterialX_v1_39_6::ShaderGraph::applyInputTransforms(class std::shared_ptr<class MaterialX_v1_39_6::Node const >,class MaterialX_v1_39_6::ShaderNode *,class MaterialX_v1_39_6::GenContext &)	ShaderGraph.cpp	0x14015ecd0
std::shared_ptr<MaterialX_v1_39_6::Element const >::{dtor}	0.014828	0.014828	0.0	0.0	CpuHotPaths.exe	std::shared_ptr<MaterialX_v1_39_6::Element const >::{dtor}	memory	0x1401cd169
MaterialX_v1_39_6::Element::asA<class MaterialX_v1_39_6::NodeGraph>	0.014815	0.014815	0.0	0.0	CpuHotPaths.exe	MaterialX_v1_39_6::Element::asA<class MaterialX_v1_39_6::NodeGraph>(void)	Element.cpp	0x1401931a0
std::basic_string<char,std::char_traits<char>,std::allocator<char> >::{dtor}	0.014807	0.014807	0.0	0.0	CpuHotPaths.exe	std::basic_string<char,std::char_traits<char>,std::allocator<char> >::{dtor}	xstring	0x1401c32a1
std::shared_ptr<MaterialX_v1_39_6::Element>::operator=	0.014792	0.014792	0.0	0.0	CpuHotPaths.exe	std::shared_ptr<MaterialX_v1_39_6::Element>::operator=	memory	0x14019e3fc
std::shared_ptr<MaterialX_v1_39_6::Element const >::{ctor}	0.014783	0.014783	0.0	0.0	CpuHotPaths.exe	std::shared_ptr<MaterialX_v1_39_6::Element const >::{ctor}	memory	0x1401b6cea
std::basic_string<char,std::char_traits<char>,std::allocator<char> >::operator+=	0.014767	0.014767	0.0	0.0	CpuHotPaths.exe	std::basic_string<char,std::char_traits<char>,std::allocator<char> >::operator+=	xstring	0x1400ccc37
std::basic_string<char,std::char_traits<char>,std::allocator<char> >::{dtor}	0.014766	0.014766	0.0	0.0	CpuHotPaths.exe	std::basic_string<char,std::char_traits<char>,std::allocator<char> >::{dtor}	xstring	0x140162f4c
std::shared_ptr<MaterialX_v1_39_6::Element const >::{dtor}	0.014755	0.014755	0.0	0.0	CpuHotPaths.exe	std::shared_ptr<MaterialX_v1_39_6::Element const >::{dtor}	memory	0x1401cacfe
std::_Hash<std::_Umap_traits<std::basic_string<char,std::char_traits<char>,std::allocator<char> >,std::basic_string<char,std::char_traits<char>,std::allocator<char> >,std::_Uhash_compare<std::basic_string<char,std::char_traits<char>,std::allocator<char> >,std::hash<std::basic_string<char,std::char_traits<char>,std::allocator<char> > >,std::equal_to<std::basic_string<char,std::char_traits<char>,std::allocator<char> > > >,std::allocator<std::pair<std::basic_string<char,std::char_traits<char>,std::allocator<char> > const ,std::basic_string<char,std::char_traits<char>,std::allocator<char> > > >,0> >::count	0.014750	0.014750	0.0	0.0	CpuHotPaths.exe	std::_Hash<std::_Umap_traits<std::basic_string<char,std::char_traits<char>,std::allocator<char> >,std::basic_string<char,std::char_traits<char>,std::allocator<char> >,std::_Uhash_compare<std::basic_string<char,std::char_traits<char>,std::allocator<char> >,std::hash<std::basic_string<char,std::char_traits<char>,std::allocator<char> > >,std::equal_to<std::basic_string<char,std::char_traits<char>,std::allocator<char> > > >,std::allocator<std::pair<std::basic_string<char,std::char_traits<char>,std::allocator<char> > const ,std::basic_string<char,std::char_traits<char>,std::allocator<char> > > >,0> >::count	xhash	0x1401e6e14
MaterialX_v1_39_6::TypedValue<class MaterialX_v1_39_6::Vector3>::`scalar deleting destructor'	0.014742	0.014742	0.0	0.0	CpuHotPaths.exe	MaterialX_v1_39_6::TypedValue<class MaterialX_v1_39_6::Vector3>::`scalar deleting destructor'(unsigned int)	[Unknown]	0x140120e20
MaterialX_v1_39_6::ShaderNode::hasClassification	0.014711	0.014711	0.0	0.0	CpuHotPaths.exe	MaterialX_v1_39_6::ShaderNode::hasClassification	ShaderNode.h	0x14014d8bf
std::_Tree<std::_Tset_traits<std::basic_string<char,std::char_traits<char>,std::allocator<char> >,std::less<std::basic_string<char,std::char_traits<char>,std::allocator<char> > >,std::allocator<std::basic_string<char,std::char_traits<char>,std::allocator<char> > >,0> >::{dtor}	0.014705	0.014705	0.0	0.0	CpuHotPaths.exe	std::_Tree<std::_Tset_traits<std::basic_string<char,std::char_traits<char>,std::allocator<char> >,std::less<std::basic_string<char,std::char_traits<char>,std::allocator<char> > >,std::allocator<std::basic_string<char,std::char_traits<char>,std::allocator<char> > >,0> >::{dtor}	xtree	0x1401c8db8
std::_Tree<std::_Tset_traits<std::shared_ptr<MaterialX_v1_39_6::Element const >,std::less<std::shared_ptr<MaterialX_v1_39_6::Element const > >,std::allocator<std::shared_ptr<MaterialX_v1_39_6::Element const > >,0> >::{dtor}	0.014694	0.014694	0.0	0.0	CpuHotPaths.exe	std::_Tree<std::_Tset_traits<std::shared_ptr<MaterialX_v1_39_6::Element const >,std::less<std::shared_ptr<MaterialX_v1_39_6::Element const > >,std::allocator<std::shared_ptr<MaterialX_v1_39_6::Element const > >,0> >::{dtor}	xtree	0x1401cbd64
MaterialX_v1_39_6::ShaderGraph::createNode	0.014666	0.014666	0.0	0.0	CpuHotPaths.exe	MaterialX_v1_39_6::ShaderGraph::createNode(class std::shared_ptr<class MaterialX_v1_39_6::Node const >,class MaterialX_v1_39_6::GenContext &)	ShaderGraph.cpp	0x140162d80
std::enable_shared_from_this<MaterialX_v1_39_6::Element>::shared_from_this	0.014659	0.014659	0.0	0.0	CpuHotPaths.exe	std::enable_shared_from_this<MaterialX_v1_39_6::Element>::shared_from_this	memory	0x1401c35fe
std::_Tree<std::_Tset_traits<std::shared_ptr<MaterialX_v1_39_6::Element const >,std::less<std::shared_ptr<MaterialX_v1_39_6::Element const > >,std::allocator<std::shared_ptr<MaterialX_v1_39_6::Element const > >,0> >::{dtor}	0.014657	0.014657	0.0	0.0	CpuHotPaths.exe	std::_Tree<std::_Tset_traits<std::shared_ptr<MaterialX_v1_39_6::Element const >,std::less<std::shared_ptr<MaterialX_v1_39_6::Element const > >,std::allocator<std::shared_ptr<MaterialX_v1_39_6::Element const > >,0> >::{dtor}	xtree	0x1401cd0eb
std::_Tree<std::_Tmap_traits<std::basic_string<char,std::char_traits<char>,std::allocator<char> >,std::shared_ptr<MaterialX_v1_39_6::VariableBlock>,std::less<std::basic_string<char,std::char_traits<char>,std::allocator<char> > >,std::allocator<std::pair<std::basic_string<char,std::char_traits<char>,std::allocator<char> > const ,std::shared_ptr<MaterialX_v1_39_6::VariableBlock> > >,0> >::find	0.014646	0.014646	0.0	0.0	CpuHotPaths.exe	std::_Tree<std::_Tmap_traits<std::basic_string<char,std::char_traits<char>,std::allocator<char> >,std::shared_ptr<MaterialX_v1_39_6::VariableBlock>,std::less<std::basic_string<char,std::char_traits<char>,std::allocator<char> > >,std::allocator<std::pair<std::basic_string<char,std::char_traits<char>,std::allocator<char> > const ,std::shared_ptr<MaterialX_v1_39_6::VariableBlock> > >,0> >::find	xtree	0x14013c2b7
std::shared_ptr<MaterialX_v1_39_6::TypeSystem>::{ctor}	0.014600	0.014600	0.0	0.0	CpuHotPaths.exe	std::shared_ptr<MaterialX_v1_39_6::TypeSystem>::{ctor}	memory	0x1401414f8
MaterialX_v1_39_6::Element::asA<class MaterialX_v1_39_6::GraphElement>	0.014571	0.014571	0.0	0.0	CpuHotPaths.exe	MaterialX_v1_39_6::Element::asA<class MaterialX_v1_39_6::GraphElement>(void)	Element.cpp	0x140191a40
std::shared_ptr<MaterialX_v1_39_6::Element>::{ctor}	0.014559	0.014559	0.0	0.0	CpuHotPaths.exe	std::shared_ptr<MaterialX_v1_39_6::Element>::{ctor}	memory	0x14015e3d3
std::shared_ptr<MaterialX_v1_39_6::Input>::{dtor}	0.014556	0.014556	0.0	0.0	CpuHotPaths.exe	std::shared_ptr<MaterialX_v1_39_6::Input>::{dtor}	memory	0x1401cee89
std::operator+	0.014555	0.014555	0.0	0.0	CpuHotPaths.exe	std::operator+	xstring	0x14011ae22
std::basic_stringstream<char,std::char_traits<char>,std::allocator<char> >::{dtor}	0.014544	0.014544	0.0	0.0	CpuHotPaths.exe	std::basic_stringstream<char,std::char_traits<char>,std::allocator<char> >::{dtor}	sstream	0x1400d58c1
std::ios_base::operator bool	0.014536	0.014536	0.0	0.0	MSVCP140.dll	std::ios_base::operator bool(void)	[Unknown]	0x180007610
std::basic_string<char,std::char_traits<char>,std::allocator<char> >::{dtor}	0.014527	0.014527	0.0	0.0	CpuHotPaths.exe	std::basic_string<char,std::char_traits<char>,std::allocator<char> >::{dtor}	xstring	0x140126816
MaterialX_v1_39_6::TypeDesc::constexpr_hash	0.014518	0.014518	0.0	0.0	CpuHotPaths.exe	MaterialX_v1_39_6::TypeDesc::constexpr_hash(class std::basic_string_view<char,struct std::char_traits<char> >,unsigned int,unsigned int)	TypeDesc.h	0x1400b0d10
MaterialX_v1_39_6::ShaderGraph::getNode	0.014514	0.014514	0.0	0.0	CpuHotPaths.exe	MaterialX_v1_39_6::ShaderGraph::getNode(class std::basic_string<char,struct std::char_traits<char>,class std::allocator<char> > const &)	ShaderGraph.cpp	0x1401644f0
std::basic_string<char,std::char_traits<char>,std::allocator<char> >::{dtor}	0.014506	0.014506	0.0	0.0	CpuHotPaths.exe	std::basic_string<char,std::char_traits<char>,std::allocator<char> >::{dtor}	xstring	0x140177f13
std::basic_string<char,std::char_traits<char>,std::allocator<char> >::{dtor}	0.014503	0.014503	0.0	0.0	CpuHotPaths.exe	std::basic_string<char,std::char_traits<char>,std::allocator<char> >::{dtor}	xstring	0x1401c9fee
std::shared_ptr<MaterialX_v1_39_6::GraphElement const >::{dtor}	0.014494	0.014494	0.0	0.0	CpuHotPaths.exe	std::shared_ptr<MaterialX_v1_39_6::GraphElement const >::{dtor}	memory	0x1401cd39a
std::vector<std::pair<std::shared_ptr<MaterialX_v1_39_6::Element>,unsigned __int64>,std::allocator<std::pair<std::shared_ptr<MaterialX_v1_39_6::Element>,unsigned __int64> > >::emplace_back	0.014491	0.014491	0.0	0.0	CpuHotPaths.exe	std::vector<std::pair<std::shared_ptr<MaterialX_v1_39_6::Element>,unsigned __int64>,std::allocator<std::pair<std::shared_ptr<MaterialX_v1_39_6::Element>,unsigned __int64> > >::emplace_back	vector	0x1402043ff
[Import thunk free]	0.014455	0.014455	0.0	0.0	CpuHotPaths.exe	[Import thunk free]	[Unknown]	0x1402366a0
std::shared_lock<std::shared_mutex>::{ctor}	0.014444	0.014444	0.0	0.0	CpuHotPaths.exe	std::shared_lock<std::shared_mutex>::{ctor}	shared_mutex	0x1401f385e
std::vector<MaterialX_v1_39_6::ShaderInput *,std::allocator<MaterialX_v1_39_6::ShaderInput *> >::push_back	0.014436	0.014436	0.0	0.0	CpuHotPaths.exe	std::vector<MaterialX_v1_39_6::ShaderInput *,std::allocator<MaterialX_v1_39_6::ShaderInput *> >::push_back	vector	0x140144c94
std::operator<	0.014434	0.014434	0.0	0.0	CpuHotPaths.exe	std::operator<	tuple	0x140166aa8
std::_Hash<std::_Umap_traits<MaterialX_v1_39_6::TypeDesc,unsigned __int64,std::_Uhash_compare<MaterialX_v1_39_6::TypeDesc,MaterialX_v1_39_6::TypeDesc::Hasher,std::equal_to<MaterialX_v1_39_6::TypeDesc> >,std::allocator<std::pair<MaterialX_v1_39_6::TypeDesc const ,unsigned __int64> >,0> >::find	0.014433	0.014433	0.0	0.0	CpuHotPaths.exe	std::_Hash<std::_Umap_traits<MaterialX_v1_39_6::TypeDesc,unsigned __int64,std::_Uhash_compare<MaterialX_v1_39_6::TypeDesc,MaterialX_v1_39_6::TypeDesc::Hasher,std::equal_to<MaterialX_v1_39_6::TypeDesc> >,std::allocator<std::pair<MaterialX_v1_39_6::TypeDesc const ,unsigned __int64> >,0> >::find	xhash	0x14014876f
std::_Hash<std::_Umap_traits<MaterialX_v1_39_6::ShaderNode *,int,std::_Uhash_compare<MaterialX_v1_39_6::ShaderNode *,std::hash<MaterialX_v1_39_6::ShaderNode *>,std::equal_to<MaterialX_v1_39_6::ShaderNode *> >,std::allocator<std::pair<MaterialX_v1_39_6::ShaderNode * const,int> >,0> >::~_Hash<std::_Umap_traits<MaterialX_v1_39_6::ShaderNode *,int,std::_Uhash_compare<MaterialX_v1_39_6::ShaderNode *,std::hash<MaterialX_v1_39_6::ShaderNode *>,std::equal_to<MaterialX_v1_39_6::ShaderNode *> >,std::allocator<std::pair<MaterialX_v1_39_6::ShaderNode * const,int> >,0> >	0.014429	0.014429	0.0	0.0	CpuHotPaths.exe	std::_Hash<std::_Umap_traits<MaterialX_v1_39_6::ShaderNode *,int,std::_Uhash_compare<MaterialX_v1_39_6::ShaderNode *,std::hash<MaterialX_v1_39_6::ShaderNode *>,std::equal_to<MaterialX_v1_39_6::ShaderNode *> >,std::allocator<std::pair<MaterialX_v1_39_6::ShaderNode * const,int> >,0> >::~_Hash<std::_Umap_traits<MaterialX_v1_39_6::ShaderNode *,int,std::_Uhash_compare<MaterialX_v1_39_6::ShaderNode *,std::hash<MaterialX_v1_39_6::ShaderNode *>,std::equal_to<MaterialX_v1_39_6::ShaderNode *> >,std::allocator<std::pair<MaterialX_v1_39_6::ShaderNode * const,int> >,0> >()	[Unknown]	0x140157810
std::shared_ptr<MaterialX_v1_39_6::ShaderInput>::{dtor}	0.014428	0.014428	0.0	0.0	CpuHotPaths.exe	std::shared_ptr<MaterialX_v1_39_6::ShaderInput>::{dtor}	memory	0x140140a7c
MaterialX_v1_39_6::SourceCodeNode::initialize	0.014405	0.014405	0.0	0.0	CpuHotPaths.exe	MaterialX_v1_39_6::SourceCodeNode::initialize(class MaterialX_v1_39_6::InterfaceElement const &,class MaterialX_v1_39_6::GenContext &)	SourceCodeNode.cpp	0x14016b2d0
MaterialX_v1_39_6::ScalarTypeSyntax::getValue	0.014403	0.014403	0.0	0.0	CpuHotPaths.exe	MaterialX_v1_39_6::ScalarTypeSyntax::getValue(class MaterialX_v1_39_6::Value const &,bool)	Syntax.cpp	0x140148c80
std::dynamic_pointer_cast	0.014397	0.014397	0.0	0.0	CpuHotPaths.exe	std::dynamic_pointer_cast	memory	0x1401920e8
MaterialX_v1_39_6::Element::getRoot	0.014380	0.014380	0.0	0.0	CpuHotPaths.exe	MaterialX_v1_39_6::Element::getRoot(void)	Element.cpp	0x1401c4250
std::weak_ptr<MaterialX_v1_39_6::Element>::lock	0.014376	0.014376	0.0	0.0	CpuHotPaths.exe	std::weak_ptr<MaterialX_v1_39_6::Element>::lock	memory	0x1401cd44a
MaterialX_v1_39_6::Element::asA<class MaterialX_v1_39_6::Document>	0.014372	0.014372	0.0	0.0	CpuHotPaths.exe	MaterialX_v1_39_6::Element::asA<class MaterialX_v1_39_6::Document>(void)	Element.cpp	0x140190ba0
std::vector<std::shared_ptr<MaterialX_v1_39_6::InterfaceElement>,std::allocator<std::shared_ptr<MaterialX_v1_39_6::InterfaceElement> > >::{ctor}	0.014371	0.014371	0.0	0.0	CpuHotPaths.exe	std::vector<std::shared_ptr<MaterialX_v1_39_6::InterfaceElement>,std::allocator<std::shared_ptr<MaterialX_v1_39_6::InterfaceElement> > >::{ctor}	vector	0x1401f04e8
MaterialX_v1_39_6::VariableBlock::add	0.014370	0.014370	0.0	0.0	CpuHotPaths.exe	MaterialX_v1_39_6::VariableBlock::add(class MaterialX_v1_39_6::TypeDesc,class std::basic_string<char,struct std::char_traits<char>,class std::allocator<char> > const &,class std::shared_ptr<class MaterialX_v1_39_6::Value>,bool)	ShaderStage.cpp	0x1401397e0
std::shared_ptr<MaterialX_v1_39_6::Element const >::{dtor}	0.014368	0.014368	0.0	0.0	CpuHotPaths.exe	std::shared_ptr<MaterialX_v1_39_6::Element const >::{dtor}	memory	0x1401c2d29
std::basic_string<char,std::char_traits<char>,std::allocator<char> >::{dtor}	0.014368	0.014368	0.0	0.0	CpuHotPaths.exe	std::basic_string<char,std::char_traits<char>,std::allocator<char> >::{dtor}	xstring	0x14013865d
std::basic_string<char,struct std::char_traits<char>,class std::allocator<char> >::find_first_not_of	0.014366	0.014366	0.0	0.0	CpuHotPaths.exe	std::basic_string<char,struct std::char_traits<char>,class std::allocator<char> >::find_first_not_of(class std::basic_string<char,struct std::char_traits<char>,class std::allocator<char> > const &,unsigned __int64)	xstring	0x14017eb10
MaterialX_v1_39_6::PortElement::hasNodeName	0.014348	0.014348	0.0	0.0	CpuHotPaths.exe	MaterialX_v1_39_6::PortElement::hasNodeName(void)	Interface.h	0x1401cf550
GetFileAttributesA	0.014333	0.014333	0.0	0.0	KERNEL32.DLL	GetFileAttributesA	[Unknown]	0x1800572a0
std::enable_shared_from_this<MaterialX_v1_39_6::ShaderPort>::{dtor}	0.014331	0.014331	0.0	0.0	CpuHotPaths.exe	std::enable_shared_from_this<MaterialX_v1_39_6::ShaderPort>::{dtor}	memory	0x140138883
std::shared_ptr<MaterialX_v1_39_6::Input>::{ctor}	0.014331	0.014331	0.0	0.0	CpuHotPaths.exe	std::shared_ptr<MaterialX_v1_39_6::Input>::{ctor}	memory	0x14015edc6
std::_Tree<std::_Tset_traits<std::basic_string<char,std::char_traits<char>,std::allocator<char> >,std::less<std::basic_string<char,std::char_traits<char>,std::allocator<char> > >,std::allocator<std::basic_string<char,std::char_traits<char>,std::allocator<char> > >,0> >::insert	0.014329	0.014329	0.0	0.0	CpuHotPaths.exe	std::_Tree<std::_Tset_traits<std::basic_string<char,std::char_traits<char>,std::allocator<char> >,std::less<std::basic_string<char,std::char_traits<char>,std::allocator<char> > >,std::allocator<std::basic_string<char,std::char_traits<char>,std::allocator<char> > >,0> >::insert	xtree	0x140131e6a
std::basic_stringstream<char,std::char_traits<char>,std::allocator<char> >::str	0.014326	0.014326	0.0	0.0	CpuHotPaths.exe	std::basic_stringstream<char,std::char_traits<char>,std::allocator<char> >::str	sstream	0x1400d57f5
MaterialX_v1_39_6::ShaderGraph::removeUnusedNodes	0.014317	0.014317	0.0	0.0	CpuHotPaths.exe	MaterialX_v1_39_6::ShaderGraph::removeUnusedNodes(void)	ShaderGraph.cpp	0x1401656c0
std::basic_string<char,std::char_traits<char>,std::allocator<char> >::{dtor}	0.014315	0.014315	0.0	0.0	CpuHotPaths.exe	std::basic_string<char,std::char_traits<char>,std::allocator<char> >::{dtor}	xstring	0x140138746
std::_Tree<std::_Tset_traits<std::basic_string<char,std::char_traits<char>,std::allocator<char> >,std::less<std::basic_string<char,std::char_traits<char>,std::allocator<char> > >,std::allocator<std::basic_string<char,std::char_traits<char>,std::allocator<char> > >,0> >::{dtor}	0.014308	0.014308	0.0	0.0	CpuHotPaths.exe	std::_Tree<std::_Tset_traits<std::basic_string<char,std::char_traits<char>,std::allocator<char> >,std::less<std::basic_string<char,std::char_traits<char>,std::allocator<char> > >,std::allocator<std::basic_string<char,std::char_traits<char>,std::allocator<char> > >,0> >::{dtor}	xtree	0x140131fb4
std::shared_lock<std::shared_mutex>::{dtor}	0.014295	0.014295	0.0	0.0	CpuHotPaths.exe	std::shared_lock<std::shared_mutex>::{dtor}	shared_mutex	0x1401f0ee5
std::shared_ptr<MaterialX_v1_39_6::Element const >::{dtor}	0.014288	0.014288	0.0	0.0	CpuHotPaths.exe	std::shared_ptr<MaterialX_v1_39_6::Element const >::{dtor}	memory	0x1401ccbec
std::basic_string<char,struct std::char_traits<char>,class std::allocator<char> >::find	0.014282	0.014282	0.0	0.0	CpuHotPaths.exe	std::basic_string<char,struct std::char_traits<char>,class std::allocator<char> >::find(class std::basic_string<char,struct std::char_traits<char>,class std::allocator<char> > const &,unsigned __int64)	xstring	0x14016afd0
MaterialX_v1_39_6::replaceSubstrings	0.014280	0.014280	0.0	0.0	CpuHotPaths.exe	MaterialX_v1_39_6::replaceSubstrings(class std::basic_string<char,struct std::char_traits<char>,class std::allocator<char> >,class std::unordered_map<class std::basic_string<char,struct std::char_traits<char>,class std::allocator<char> >,class std::basic_string<char,struct std::char_traits<char>,class std::allocator<char> >,struct std::hash<class std::basic_string<char,struct std::char_traits<char>,class std::allocator<char> > >,struct std::equal_to<class std::basic_string<char,struct std::char_traits<char>,class std::allocator<char> > >,class std::allocator<struct std::pair<class std::basic_string<char,struct std::char_traits<char>,class std::allocator<char> > const ,class std::basic_string<char,struct std::char_traits<char>,class std::allocator<char> > > > > const &)	Util.cpp	0x14017fb00
std::vector<std::shared_ptr<MaterialX_v1_39_6::Implementation>,std::allocator<std::shared_ptr<MaterialX_v1_39_6::Implementation> > >::push_back	0.014262	0.014262	0.0	0.0	CpuHotPaths.exe	std::vector<std::shared_ptr<MaterialX_v1_39_6::Implementation>,std::allocator<std::shared_ptr<MaterialX_v1_39_6::Implementation> > >::push_back	vector	0x1401a8bcb
std::_Tree<std::_Tset_traits<std::basic_string<char,std::char_traits<char>,std::allocator<char> >,std::less<std::basic_string<char,std::char_traits<char>,std::allocator<char> > >,std::allocator<std::basic_string<char,std::char_traits<char>,std::allocator<char> > >,0> >::{dtor}	0.014254	0.014254	0.0	0.0	CpuHotPaths.exe	std::_Tree<std::_Tset_traits<std::basic_string<char,std::char_traits<char>,std::allocator<char> >,std::less<std::basic_string<char,std::char_traits<char>,std::allocator<char> > >,std::allocator<std::basic_string<char,std::char_traits<char>,std::allocator<char> > >,0> >::{dtor}	xtree	0x1401cbe69
std::vector<std::basic_string<char,std::char_traits<char>,std::allocator<char> >,std::allocator<std::basic_string<char,std::char_traits<char>,std::allocator<char> > > >::{dtor}	0.014253	0.014253	0.0	0.0	CpuHotPaths.exe	std::vector<std::basic_string<char,std::char_traits<char>,std::allocator<char> >,std::allocator<std::basic_string<char,std::char_traits<char>,std::allocator<char> > > >::{dtor}	vector	0x14010c95d
std::locale::classic	0.014251	0.014251	0.0	0.0	MSVCP140.dll	std::locale::classic(void)	[Unknown]	0x1800170a0
std::shared_ptr<MaterialX_v1_39_6::Element>::{ctor}	0.014241	0.014241	0.0	0.0	CpuHotPaths.exe	std::shared_ptr<MaterialX_v1_39_6::Element>::{ctor}	memory	0x1401a8ae5
std::operator==	0.014240	0.014240	0.0	0.0	CpuHotPaths.exe	std::operator==	xstring	0x140141cc3
std::shared_ptr<MaterialX_v1_39_6::Element const >::{dtor}	0.014240	0.014240	0.0	0.0	CpuHotPaths.exe	std::shared_ptr<MaterialX_v1_39_6::Element const >::{dtor}	memory	0x1401ca17a
MaterialX_v1_39_6::Element::hasInheritString	0.014235	0.014235	0.0	0.0	CpuHotPaths.exe	MaterialX_v1_39_6::Element::hasInheritString(void)	Element.h	0x1401c4660
std::shared_ptr<class MaterialX_v1_39_6::Element>::operator=	0.014228	0.014228	0.0	0.0	CpuHotPaths.exe	std::shared_ptr<class MaterialX_v1_39_6::Element>::operator=(class std::shared_ptr<class MaterialX_v1_39_6::Element> const &)	memory	0x140203f70
std::shared_ptr<MaterialX_v1_39_6::Node const >::{ctor}	0.014228	0.014228	0.0	0.0	CpuHotPaths.exe	std::shared_ptr<MaterialX_v1_39_6::Node const >::{ctor}	memory	0x14016327d
std::_Hash<std::_Umap_traits<std::basic_string<char,std::char_traits<char>,std::allocator<char> >,std::basic_string<char,std::char_traits<char>,std::allocator<char> >,std::_Uhash_compare<std::basic_string<char,std::char_traits<char>,std::allocator<char> >,std::hash<std::basic_string<char,std::char_traits<char>,std::allocator<char> > >,std::equal_to<std::basic_string<char,std::char_traits<char>,std::allocator<char> > > >,std::allocator<std::pair<std::basic_string<char,std::char_traits<char>,std::allocator<char> > const ,std::basic_string<char,std::char_traits<char>,std::allocator<char> > > >,0> >::count	0.014226	0.014226	0.0	0.0	CpuHotPaths.exe	std::_Hash<std::_Umap_traits<std::basic_string<char,std::char_traits<char>,std::allocator<char> >,std::basic_string<char,std::char_traits<char>,std::allocator<char> >,std::_Uhash_compare<std::basic_string<char,std::char_traits<char>,std::allocator<char> >,std::hash<std::basic_string<char,std::char_traits<char>,std::allocator<char> > >,std::equal_to<std::basic_string<char,std::char_traits<char>,std::allocator<char> > > >,std::allocator<std::pair<std::basic_string<char,std::char_traits<char>,std::allocator<char> > const ,std::basic_string<char,std::char_traits<char>,std::allocator<char> > > >,0> >::count	xhash	0x1401c4ea4
std::shared_ptr<MaterialX_v1_39_6::Element const >::operator=	0.014217	0.014217	0.0	0.0	CpuHotPaths.exe	std::shared_ptr<MaterialX_v1_39_6::Element const >::operator=	memory	0x1401c3312
std::basic_filebuf<char,struct std::char_traits<char> >::~basic_filebuf<char,struct std::char_traits<char> >	0.014202	0.014202	0.0	0.0	CpuHotPaths.exe	std::basic_filebuf<char,struct std::char_traits<char> >::~basic_filebuf<char,struct std::char_traits<char> >(void)	__msvc_filebuf.hpp	0x1400ac720
MaterialX_v1_39_6::Element::getChildrenOfType<class MaterialX_v1_39_6::ValueElement>	0.014200	0.014200	0.0	0.0	CpuHotPaths.exe	MaterialX_v1_39_6::Element::getChildrenOfType<class MaterialX_v1_39_6::ValueElement>(class std::basic_string<char,struct std::char_traits<char>,class std::allocator<char> > const &)	Element.cpp	0x1401b0250
std::_Hash<std::_Umap_traits<std::basic_string<char,std::char_traits<char>,std::allocator<char> >,std::basic_string<char,std::char_traits<char>,std::allocator<char> >,std::_Uhash_compare<std::basic_string<char,std::char_traits<char>,std::allocator<char> >,std::hash<std::basic_string<char,std::char_traits<char>,std::allocator<char> > >,std::equal_to<std::basic_string<char,std::char_traits<char>,std::allocator<char> > > >,std::allocator<std::pair<std::basic_string<char,std::char_traits<char>,std::allocator<char> > const ,std::basic_string<char,std::char_traits<char>,std::allocator<char> > > >,0> >::find	0.014199	0.014199	0.0	0.0	CpuHotPaths.exe	std::_Hash<std::_Umap_traits<std::basic_string<char,std::char_traits<char>,std::allocator<char> >,std::basic_string<char,std::char_traits<char>,std::allocator<char> >,std::_Uhash_compare<std::basic_string<char,std::char_traits<char>,std::allocator<char> >,std::hash<std::basic_string<char,std::char_traits<char>,std::allocator<char> > >,std::equal_to<std::basic_string<char,std::char_traits<char>,std::allocator<char> > > >,std::allocator<std::pair<std::basic_string<char,std::char_traits<char>,std::allocator<char> > const ,std::basic_string<char,std::char_traits<char>,std::allocator<char> > > >,0> >::find	xhash	0x1401753c6
std::basic_string<char,std::char_traits<char>,std::allocator<char> >::{dtor}	0.014197	0.014197	0.0	0.0	CpuHotPaths.exe	std::basic_string<char,std::char_traits<char>,std::allocator<char> >::{dtor}	xstring	0x1401387f1
MaterialX_v1_39_6::GlslShaderGenerator::emitPixelStage	0.014197	0.014197	0.0	0.0	CpuHotPaths.exe	MaterialX_v1_39_6::GlslShaderGenerator::emitPixelStage(class MaterialX_v1_39_6::ShaderGraph const &,class MaterialX_v1_39_6::GenContext &,class MaterialX_v1_39_6::ShaderStage &)	GlslShaderGenerator.cpp	0x1400bb6a0
MaterialX_v1_39_6::Input::getInterfaceInput	0.014197	0.014197	0.0	0.0	CpuHotPaths.exe	MaterialX_v1_39_6::Input::getInterfaceInput(void)	Interface.cpp	0x1401ce7d0
std::_Tree<std::_Tset_traits<std::basic_string<char,std::char_traits<char>,std::allocator<char> >,std::less<std::basic_string<char,std::char_traits<char>,std::allocator<char> > >,std::allocator<std::basic_string<char,std::char_traits<char>,std::allocator<char> > >,0> >::count	0.014197	0.014197	0.0	0.0	CpuHotPaths.exe	std::_Tree<std::_Tset_traits<std::basic_string<char,std::char_traits<char>,std::allocator<char> >,std::less<std::basic_string<char,std::char_traits<char>,std::allocator<char> > >,std::allocator<std::basic_string<char,std::char_traits<char>,std::allocator<char> > >,0> >::count	xtree	0x14013c5bc
std::shared_ptr<MaterialX_v1_39_6::Element>::{dtor}	0.014196	0.014196	0.0	0.0	CpuHotPaths.exe	std::shared_ptr<MaterialX_v1_39_6::Element>::{dtor}	memory	0x1401aeb82
std::shared_ptr<MaterialX_v1_39_6::Input>::{dtor}	0.014196	0.014196	0.0	0.0	CpuHotPaths.exe	std::shared_ptr<MaterialX_v1_39_6::Input>::{dtor}	memory	0x1401e6d03
std::basic_string<char,std::char_traits<char>,std::allocator<char> >::{dtor}	0.014190	0.014190	0.0	0.0	CpuHotPaths.exe	std::basic_string<char,std::char_traits<char>,std::allocator<char> >::{dtor}	xstring	0x1401e617a
std::shared_ptr<MaterialX_v1_39_6::Element>::{dtor}	0.014188	0.014188	0.0	0.0	CpuHotPaths.exe	std::shared_ptr<MaterialX_v1_39_6::Element>::{dtor}	memory	0x1401a3b92
std::shared_ptr<MaterialX_v1_39_6::Value>::{dtor}	0.014185	0.014185	0.0	0.0	CpuHotPaths.exe	std::shared_ptr<MaterialX_v1_39_6::Value>::{dtor}	memory	0x140169b4b
std::basic_string<char,std::char_traits<char>,std::allocator<char> >::find	0.014171	0.014171	0.0	0.0	CpuHotPaths.exe	std::basic_string<char,std::char_traits<char>,std::allocator<char> >::find	xstring	0x140169588
std::shared_ptr<MaterialX_v1_39_6::ShaderNodeImpl>::{dtor}	0.014169	0.014169	0.0	0.0	CpuHotPaths.exe	std::shared_ptr<MaterialX_v1_39_6::ShaderNodeImpl>::{dtor}	memory	0x1401346a6
std::locale::{dtor}	0.014166	0.014166	0.0	0.0	CpuHotPaths.exe	std::locale::{dtor}	xlocale	0x1401fe6f8
std::_Tree<std::_Tset_traits<std::basic_string<char,std::char_traits<char>,std::allocator<char> >,std::less<std::basic_string<char,std::char_traits<char>,std::allocator<char> > >,std::allocator<std::basic_string<char,std::char_traits<char>,std::allocator<char> > >,0> >::insert	0.014164	0.014164	0.0	0.0	CpuHotPaths.exe	std::_Tree<std::_Tset_traits<std::basic_string<char,std::char_traits<char>,std::allocator<char> >,std::less<std::basic_string<char,std::char_traits<char>,std::allocator<char> > >,std::allocator<std::basic_string<char,std::char_traits<char>,std::allocator<char> > >,0> >::insert	xtree	0x140131d03
std::operator+	0.014161	0.014161	0.0	0.0	CpuHotPaths.exe	std::operator+	xstring	0x1401433b6
std::shared_ptr<MaterialX_v1_39_6::ShaderOutput>::{dtor}	0.014160	0.014160	0.0	0.0	CpuHotPaths.exe	std::shared_ptr<MaterialX_v1_39_6::ShaderOutput>::{dtor}	memory	0x140140d42
std::vector<std::basic_string<char,std::char_traits<char>,std::allocator<char> >,std::allocator<std::basic_string<char,std::char_traits<char>,std::allocator<char> > > >::{ctor}	0.014155	0.014155	0.0	0.0	CpuHotPaths.exe	std::vector<std::basic_string<char,std::char_traits<char>,std::allocator<char> >,std::allocator<std::basic_string<char,std::char_traits<char>,std::allocator<char> > > >::{ctor}	vector	0x14014df83
std::shared_ptr<MaterialX_v1_39_6::Element>::{dtor}	0.014146	0.014146	0.0	0.0	CpuHotPaths.exe	std::shared_ptr<MaterialX_v1_39_6::Element>::{dtor}	memory	0x140194439
std::shared_ptr<MaterialX_v1_39_6::Node>::{dtor}	0.014137	0.014137	0.0	0.0	CpuHotPaths.exe	std::shared_ptr<MaterialX_v1_39_6::Node>::{dtor}	memory	0x1401cd6ad
std::basic_string<char,std::char_traits<char>,std::allocator<char> >::{dtor}	0.014133	0.014133	0.0	0.0	CpuHotPaths.exe	std::basic_string<char,std::char_traits<char>,std::allocator<char> >::{dtor}	xstring	0x140175607
std::dynamic_pointer_cast	0.014130	0.014130	0.0	0.0	CpuHotPaths.exe	std::dynamic_pointer_cast	memory	0x140193408
std::vector<MaterialX_v1_39_6::ShaderInput *,std::allocator<MaterialX_v1_39_6::ShaderInput *> >::size	0.014120	0.014120	0.0	0.0	CpuHotPaths.exe	std::vector<MaterialX_v1_39_6::ShaderInput *,std::allocator<MaterialX_v1_39_6::ShaderInput *> >::size	vector	0x14015883f
std::shared_ptr<MaterialX_v1_39_6::Document const >::{dtor}	0.014112	0.014112	0.0	0.0	CpuHotPaths.exe	std::shared_ptr<MaterialX_v1_39_6::Document const >::{dtor}	memory	0x1401a289a
std::vector<class std::shared_ptr<class MaterialX_v1_39_6::ValueElement>,class std::allocator<class std::shared_ptr<class MaterialX_v1_39_6::ValueElement> > >::~vector<class std::shared_ptr<class MaterialX_v1_39_6::ValueElement>,class std::allocator<class std::shared_ptr<class MaterialX_v1_39_6::ValueElement> > >	0.014104	0.014104	0.0	0.0	CpuHotPaths.exe	std::vector<class std::shared_ptr<class MaterialX_v1_39_6::ValueElement>,class std::allocator<class std::shared_ptr<class MaterialX_v1_39_6::ValueElement> > >::~vector<class std::shared_ptr<class MaterialX_v1_39_6::ValueElement>,class std::allocator<class std::shared_ptr<class MaterialX_v1_39_6::ValueElement> > >(void)	vector	0x14013f5c0
std::basic_string<char,std::char_traits<char>,std::allocator<char> >::operator=	0.014104	0.014104	0.0	0.0	CpuHotPaths.exe	std::basic_string<char,std::char_traits<char>,std::allocator<char> >::operator=	xstring	0x1401e6423
MaterialX_v1_39_6::InterfaceElement::getActiveInput	0.014086	0.014086	0.0	0.0	CpuHotPaths.exe	MaterialX_v1_39_6::InterfaceElement::getActiveInput(class std::basic_string<char,struct std::char_traits<char>,class std::allocator<char> > const &)	Interface.cpp	0x1401ca950
std::vector<std::basic_string<char,std::char_traits<char>,std::allocator<char> >,std::allocator<std::basic_string<char,std::char_traits<char>,std::allocator<char> > > >::{ctor}	0.014074	0.014074	0.0	0.0	CpuHotPaths.exe	std::vector<std::basic_string<char,std::char_traits<char>,std::allocator<char> >,std::allocator<std::basic_string<char,std::char_traits<char>,std::allocator<char> > > >::{ctor}	vector	0x1400ab26d
std::unordered_map<std::basic_string<char,std::char_traits<char>,std::allocator<char> >,std::vector<std::shared_ptr<MaterialX_v1_39_6::NodeDef>,std::allocator<std::shared_ptr<MaterialX_v1_39_6::NodeDef> > >,std::hash<std::basic_string<char,std::char_traits<char>,std::allocator<char> > >,std::equal_to<std::basic_string<char,std::char_traits<char>,std::allocator<char> > >,std::allocator<std::pair<std::basic_string<char,std::char_traits<char>,std::allocator<char> > const ,std::vector<std::shared_ptr<MaterialX_v1_39_6::NodeDef>,std::allocator<std::shared_ptr<MaterialX_v1_39_6::NodeDef> > > > > >::{ctor}	0.014074	0.014074	0.0	0.0	CpuHotPaths.exe	std::unordered_map<std::basic_string<char,std::char_traits<char>,std::allocator<char> >,std::vector<std::shared_ptr<MaterialX_v1_39_6::NodeDef>,std::allocator<std::shared_ptr<MaterialX_v1_39_6::NodeDef> > >,std::hash<std::basic_string<char,std::char_traits<char>,std::allocator<char> > >,std::equal_to<std::basic_string<char,std::char_traits<char>,std::allocator<char> > >,std::allocator<std::pair<std::basic_string<char,std::char_traits<char>,std::allocator<char> > const ,std::vector<std::shared_ptr<MaterialX_v1_39_6::NodeDef>,std::allocator<std::shared_ptr<MaterialX_v1_39_6::NodeDef> > > > > >::{ctor}	unordered_map	0x1401ec969
std::basic_string<char,std::char_traits<char>,std::allocator<char> >::{dtor}	0.014066	0.014066	0.0	0.0	CpuHotPaths.exe	std::basic_string<char,std::char_traits<char>,std::allocator<char> >::{dtor}	xstring	0x14014e2f1
std::basic_string<char,std::char_traits<char>,std::allocator<char> >::{dtor}	0.014060	0.014060	0.0	0.0	CpuHotPaths.exe	std::basic_string<char,std::char_traits<char>,std::allocator<char> >::{dtor}	xstring	0x14014e29a
MaterialX_v1_39_6::Document::Cache::refreshWithLock	0.014058	0.014058	0.0	0.0	CpuHotPaths.exe	MaterialX_v1_39_6::Document::Cache::refreshWithLock(void)	Document.cpp	0x1401f3840
malloc	0.014051	0.014051	0.0	0.0	ucrtbase.dll	malloc	[Unknown]	0x18000ada0
std::shared_ptr<MaterialX_v1_39_6::Input>::{dtor}	0.014049	0.014049	0.0	0.0	CpuHotPaths.exe	std::shared_ptr<MaterialX_v1_39_6::Input>::{dtor}	memory	0x140144256
std::enable_shared_from_this<MaterialX_v1_39_6::Element>::shared_from_this	0.014049	0.014049	0.0	0.0	CpuHotPaths.exe	std::enable_shared_from_this<MaterialX_v1_39_6::Element>::shared_from_this	memory	0x1401920b7
std::shared_ptr<MaterialX_v1_39_6::Element>::{dtor}	0.014038	0.014038	0.0	0.0	CpuHotPaths.exe	std::shared_ptr<MaterialX_v1_39_6::Element>::{dtor}	memory	0x140191df9
std::basic_string<char,std::char_traits<char>,std::allocator<char> >::{dtor}	0.014024	0.014024	0.0	0.0	CpuHotPaths.exe	std::basic_string<char,std::char_traits<char>,std::allocator<char> >::{dtor}	xstring	0x1401386b7
std::enable_shared_from_this<MaterialX_v1_39_6::Element>::shared_from_this	0.013995	0.013995	0.0	0.0	CpuHotPaths.exe	std::enable_shared_from_this<MaterialX_v1_39_6::Element>::shared_from_this	memory	0x1401933d7
MaterialX_v1_39_6::Element::getChildrenOfType<class MaterialX_v1_39_6::Output>	0.013992	0.013992	0.0	0.0	CpuHotPaths.exe	MaterialX_v1_39_6::Element::getChildrenOfType<class MaterialX_v1_39_6::Output>(class std::basic_string<char,struct std::char_traits<char>,class std::allocator<char> > const &)	Element.cpp	0x1401ac080
std::shared_ptr<MaterialX_v1_39_6::InterfaceElement const >::{ctor}	0.013992	0.013992	0.0	0.0	CpuHotPaths.exe	std::shared_ptr<MaterialX_v1_39_6::InterfaceElement const >::{ctor}	memory	0x1401e5872
std::unordered_map<std::basic_string<char,std::char_traits<char>,std::allocator<char> >,std::shared_ptr<MaterialX_v1_39_6::ShaderNode>,std::hash<std::basic_string<char,std::char_traits<char>,std::allocator<char> > >,std::equal_to<std::basic_string<char,std::char_traits<char>,std::allocator<char> > >,std::allocator<std::pair<std::basic_string<char,std::char_traits<char>,std::allocator<char> > const ,std::shared_ptr<MaterialX_v1_39_6::ShaderNode> > > >::operator[]	0.013985	0.013985	0.0	0.0	CpuHotPaths.exe	std::unordered_map<std::basic_string<char,std::char_traits<char>,std::allocator<char> >,std::shared_ptr<MaterialX_v1_39_6::ShaderNode>,std::hash<std::basic_string<char,std::char_traits<char>,std::allocator<char> > >,std::equal_to<std::basic_string<char,std::char_traits<char>,std::allocator<char> > >,std::allocator<std::pair<std::basic_string<char,std::char_traits<char>,std::allocator<char> > const ,std::shared_ptr<MaterialX_v1_39_6::ShaderNode> > > >::operator[]	unordered_map	0x140162b82
std::basic_stringstream<char,std::char_traits<char>,std::allocator<char> >::{ctor}	0.013981	0.013981	0.0	0.0	CpuHotPaths.exe	std::basic_stringstream<char,std::char_traits<char>,std::allocator<char> >::{ctor}	sstream	0x1400d5715
[Import thunk memset]	0.013979	0.013979	0.0	0.0	CpuHotPaths.exe	[Import thunk memset]	[Unknown]	0x1402365e0
std::basic_string<char,std::char_traits<char>,std::allocator<char> >::{dtor}	0.013968	0.013968	0.0	0.0	CpuHotPaths.exe	std::basic_string<char,std::char_traits<char>,std::allocator<char> >::{dtor}	xstring	0x1401c3200
std::shared_ptr<MaterialX_v1_39_6::Value>::{dtor}	0.013966	0.013966	0.0	0.0	CpuHotPaths.exe	std::shared_ptr<MaterialX_v1_39_6::Value>::{dtor}	memory	0x140169b5a
std::shared_ptr<MaterialX_v1_39_6::Element>::{dtor}	0.013952	0.013952	0.0	0.0	CpuHotPaths.exe	std::shared_ptr<MaterialX_v1_39_6::Element>::{dtor}	memory	0x1401ca7b3
std::vector<MaterialX_v1_39_6::FilePath,std::allocator<MaterialX_v1_39_6::FilePath> >::{ctor}	0.013951	0.013951	0.0	0.0	CpuHotPaths.exe	std::vector<MaterialX_v1_39_6::FilePath,std::allocator<MaterialX_v1_39_6::FilePath> >::{ctor}	vector	0x14013c843
std::basic_string<char,std::char_traits<char>,std::allocator<char> >::clear	0.013948	0.013948	0.0	0.0	CpuHotPaths.exe	std::basic_string<char,std::char_traits<char>,std::allocator<char> >::clear	xstring	0x140134a29
std::list<std::pair<MaterialX_v1_39_6::ShaderOutput const * const,std::basic_string<char,std::char_traits<char>,std::allocator<char> > >,std::allocator<std::pair<MaterialX_v1_39_6::ShaderOutput const * const,std::basic_string<char,std::char_traits<char>,std::allocator<char> > > > >::{dtor}	0.013942	0.013942	0.0	0.0	CpuHotPaths.exe	std::list<std::pair<MaterialX_v1_39_6::ShaderOutput const * const,std::basic_string<char,std::char_traits<char>,std::allocator<char> > >,std::allocator<std::pair<MaterialX_v1_39_6::ShaderOutput const * const,std::basic_string<char,std::char_traits<char>,std::allocator<char> > > > >::{dtor}	list	0x1400ad8a5
std::weak_ptr<MaterialX_v1_39_6::Element>::lock	0.013941	0.013941	0.0	0.0	CpuHotPaths.exe	std::weak_ptr<MaterialX_v1_39_6::Element>::lock	memory	0x140164357
std::vector<std::shared_ptr<MaterialX_v1_39_6::ValueElement>,std::allocator<std::shared_ptr<MaterialX_v1_39_6::ValueElement> > >::{dtor}	0.013941	0.013941	0.0	0.0	CpuHotPaths.exe	std::vector<std::shared_ptr<MaterialX_v1_39_6::ValueElement>,std::allocator<std::shared_ptr<MaterialX_v1_39_6::ValueElement> > >::{dtor}	vector	0x1401ccff6
std::shared_ptr<class MaterialX_v1_39_6::Value>::operator=	0.013936	0.013936	0.0	0.0	CpuHotPaths.exe	std::shared_ptr<class MaterialX_v1_39_6::Value>::operator=(class std::shared_ptr<class MaterialX_v1_39_6::Value> const &)	memory	0x14013fae0
std::basic_string<char,std::char_traits<char>,std::allocator<char> >::operator=	0.013927	0.013927	0.0	0.0	CpuHotPaths.exe	std::basic_string<char,std::char_traits<char>,std::allocator<char> >::operator=	xstring	0x1401665fd
std::basic_string<char,std::char_traits<char>,std::allocator<char> >::empty	0.013907	0.013907	0.0	0.0	CpuHotPaths.exe	std::basic_string<char,std::char_traits<char>,std::allocator<char> >::empty	xstring	0x14016aed3
std::vector<MaterialX_v1_39_6::ShaderOutput *,std::allocator<MaterialX_v1_39_6::ShaderOutput *> >::push_back	0.013892	0.013892	0.0	0.0	CpuHotPaths.exe	std::vector<MaterialX_v1_39_6::ShaderOutput *,std::allocator<MaterialX_v1_39_6::ShaderOutput *> >::push_back	vector	0x140140d1a
MaterialX_v1_39_6::Node::getUpstreamEdge	0.013892	0.013892	0.0	0.0	CpuHotPaths.exe	MaterialX_v1_39_6::Node::getUpstreamEdge(unsigned __int64)	Node.cpp	0x1401e6ae0
std::basic_string<char,std::char_traits<char>,std::allocator<char> >::{dtor}	0.013890	0.013890	0.0	0.0	CpuHotPaths.exe	std::basic_string<char,std::char_traits<char>,std::allocator<char> >::{dtor}	xstring	0x1400bb9fd
MaterialX_v1_39_6::Element::getChildOfType<class MaterialX_v1_39_6::TypeDef>	0.013888	0.013888	0.0	0.0	CpuHotPaths.exe	MaterialX_v1_39_6::Element::getChildOfType<class MaterialX_v1_39_6::TypeDef>(class std::basic_string<char,struct std::char_traits<char>,class std::allocator<char> > const &)	Element.cpp	0x1401a2650
std::shared_ptr<MaterialX_v1_39_6::Element>::{dtor}	0.013881	0.013881	0.0	0.0	CpuHotPaths.exe	std::shared_ptr<MaterialX_v1_39_6::Element>::{dtor}	memory	0x14015e41e
std::enable_shared_from_this<MaterialX_v1_39_6::Element>::shared_from_this	0.013866	0.013866	0.0	0.0	CpuHotPaths.exe	std::enable_shared_from_this<MaterialX_v1_39_6::Element>::shared_from_this	memory	0x140191e97
std::locale::{dtor}	0.013861	0.013861	0.0	0.0	CpuHotPaths.exe	std::locale::{dtor}	xlocale	0x1401fdfd8
MaterialX_v1_39_6::GenContext::GenContext	0.013848	0.013848	0.0	0.0	CpuHotPaths.exe	MaterialX_v1_39_6::GenContext::GenContext(class std::shared_ptr<class MaterialX_v1_39_6::ShaderGenerator>)	GenContext.cpp	0x1401318b0
std::shared_ptr<MaterialX_v1_39_6::ShaderNodeImpl>::{dtor}	0.013841	0.013841	0.0	0.0	CpuHotPaths.exe	std::shared_ptr<MaterialX_v1_39_6::ShaderNodeImpl>::{dtor}	memory	0x14013f806
std::shared_ptr<MaterialX_v1_39_6::Element const >::{dtor}	0.013840	0.013840	0.0	0.0	CpuHotPaths.exe	std::shared_ptr<MaterialX_v1_39_6::Element const >::{dtor}	memory	0x140193449
std::dynamic_pointer_cast	0.013835	0.013835	0.0	0.0	CpuHotPaths.exe	std::dynamic_pointer_cast	memory	0x140191b98
std::list<struct std::pair<class std::basic_string<char,struct std::char_traits<char>,class std::allocator<char> > const ,class std::shared_ptr<class MaterialX_v1_39_6::ShaderInput> >,class std::allocator<struct std::pair<class std::basic_string<char,struct std::char_traits<char>,class std::allocator<char> > const ,class std::shared_ptr<class MaterialX_v1_39_6::ShaderInput> > > >::~list<struct std::pair<class std::basic_string<char,struct std::char_traits<char>,class std::allocator<char> > const ,class std::shared_ptr<class MaterialX_v1_39_6::ShaderInput> >,class std::allocator<struct std::pair<class std::basic_string<char,struct std::char_traits<char>,class std::allocator<char> > const ,class std::shared_ptr<class MaterialX_v1_39_6::ShaderInput> > > >	0.013834	0.013834	0.0	0.0	CpuHotPaths.exe	std::list<struct std::pair<class std::basic_string<char,struct std::char_traits<char>,class std::allocator<char> > const ,class std::shared_ptr<class MaterialX_v1_39_6::ShaderInput> >,class std::allocator<struct std::pair<class std::basic_string<char,struct std::char_traits<char>,class std::allocator<char> > const ,class std::shared_ptr<class MaterialX_v1_39_6::ShaderInput> > > >::~list<struct std::pair<class std::basic_string<char,struct std::char_traits<char>,class std::allocator<char> > const ,class std::shared_ptr<class MaterialX_v1_39_6::ShaderInput> >,class std::allocator<struct std::pair<class std::basic_string<char,struct std::char_traits<char>,class std::allocator<char> > const ,class std::shared_ptr<class MaterialX_v1_39_6::ShaderInput> > > >(void)	list	0x14013f0f0
[Import thunk memcmp]	0.013803	0.013803	0.0	0.0	CpuHotPaths.exe	[Import thunk memcmp]	[Unknown]	0x1402365ce
std::enable_shared_from_this<MaterialX_v1_39_6::Element>::shared_from_this	0.013788	0.013788	0.0	0.0	CpuHotPaths.exe	std::enable_shared_from_this<MaterialX_v1_39_6::Element>::shared_from_this	memory	0x140191b67
std::shared_ptr<MaterialX_v1_39_6::Element>::{dtor}	0.013755	0.013755	0.0	0.0	CpuHotPaths.exe	std::shared_ptr<MaterialX_v1_39_6::Element>::{dtor}	memory	0x14020655b
[Import thunk memchr]	0.013753	0.013753	0.0	0.0	CpuHotPaths.exe	[Import thunk memchr]	[Unknown]	0x1402365fe
std::vector<MaterialX_v1_39_6::ShaderStage::Scope,std::allocator<MaterialX_v1_39_6::ShaderStage::Scope> >::pop_back	0.013750	0.013750	0.0	0.0	CpuHotPaths.exe	std::vector<MaterialX_v1_39_6::ShaderStage::Scope,std::allocator<MaterialX_v1_39_6::ShaderStage::Scope> >::pop_back	vector	0x14013bc68
MaterialX_v1_39_6::Element::asA<class MaterialX_v1_39_6::Node>	0.013733	0.013733	0.0	0.0	CpuHotPaths.exe	MaterialX_v1_39_6::Element::asA<class MaterialX_v1_39_6::Node>(void)	Element.cpp	0x140192c50
MaterialX_v1_39_6::isInvalidChar	0.013722	0.013722	0.0	0.0	CpuHotPaths.exe	MaterialX_v1_39_6::isInvalidChar	Syntax.cpp	0x140149943
std::list<struct std::pair<class std::basic_string<char,struct std::char_traits<char>,class std::allocator<char> > const ,class std::shared_ptr<class MaterialX_v1_39_6::ShaderOutput> >,class std::allocator<struct std::pair<class std::basic_string<char,struct std::char_traits<char>,class std::allocator<char> > const ,class std::shared_ptr<class MaterialX_v1_39_6::ShaderOutput> > > >::~list<struct std::pair<class std::basic_string<char,struct std::char_traits<char>,class std::allocator<char> > const ,class std::shared_ptr<class MaterialX_v1_39_6::ShaderOutput> >,class std::allocator<struct std::pair<class std::basic_string<char,struct std::char_traits<char>,class std::allocator<char> > const ,class std::shared_ptr<class MaterialX_v1_39_6::ShaderOutput> > > >	0.013704	0.013704	0.0	0.0	CpuHotPaths.exe	std::list<struct std::pair<class std::basic_string<char,struct std::char_traits<char>,class std::allocator<char> > const ,class std::shared_ptr<class MaterialX_v1_39_6::ShaderOutput> >,class std::allocator<struct std::pair<class std::basic_string<char,struct std::char_traits<char>,class std::allocator<char> > const ,class std::shared_ptr<class MaterialX_v1_39_6::ShaderOutput> > > >::~list<struct std::pair<class std::basic_string<char,struct std::char_traits<char>,class std::allocator<char> > const ,class std::shared_ptr<class MaterialX_v1_39_6::ShaderOutput> >,class std::allocator<struct std::pair<class std::basic_string<char,struct std::char_traits<char>,class std::allocator<char> > const ,class std::shared_ptr<class MaterialX_v1_39_6::ShaderOutput> > > >(void)	list	0x14013f180
MaterialX_v1_39_6::ShaderStage::addString	0.013650	0.013650	0.0	0.0	CpuHotPaths.exe	MaterialX_v1_39_6::ShaderStage::addString	ShaderStage.cpp	0x14013af9e
std::weak_ptr<MaterialX_v1_39_6::Element>::lock	0.013630	0.013630	0.0	0.0	CpuHotPaths.exe	std::weak_ptr<MaterialX_v1_39_6::Element>::lock	memory	0x1401cdac3
[Import thunk _RTDynamicCast]	0.013610	0.013610	0.0	0.0	CpuHotPaths.exe	[Import thunk _RTDynamicCast]	[Unknown]	0x1402365e6
MaterialX_v1_39_6::ShaderGraph::createConnectedNodes	0.013597	0.013597	0.0	0.0	CpuHotPaths.exe	MaterialX_v1_39_6::ShaderGraph::createConnectedNodes(class std::shared_ptr<class MaterialX_v1_39_6::Element> const &,class std::shared_ptr<class MaterialX_v1_39_6::Element> const &,class std::shared_ptr<class MaterialX_v1_39_6::Element>,class MaterialX_v1_39_6::GenContext &)	ShaderGraph.cpp	0x140161e30
std::shared_ptr<MaterialX_v1_39_6::Node>::{dtor}	0.013591	0.013591	0.0	0.0	CpuHotPaths.exe	std::shared_ptr<MaterialX_v1_39_6::Node>::{dtor}	memory	0x1401ca10f
std::enable_shared_from_this<MaterialX_v1_39_6::Element>::shared_from_this	0.013573	0.013573	0.0	0.0	CpuHotPaths.exe	std::enable_shared_from_this<MaterialX_v1_39_6::Element>::shared_from_this	memory	0x140191d87
std::vector<std::basic_string<char,std::char_traits<char>,std::allocator<char> >,std::allocator<std::basic_string<char,std::char_traits<char>,std::allocator<char> > > >::{dtor}	0.013539	0.013539	0.0	0.0	CpuHotPaths.exe	std::vector<std::basic_string<char,std::char_traits<char>,std::allocator<char> >,std::allocator<std::basic_string<char,std::char_traits<char>,std::allocator<char> > > >::{dtor}	vector	0x14014e067
std::set_intersection	0.013524	0.013524	0.0	0.0	CpuHotPaths.exe	std::set_intersection	algorithm	0x1401c8d56
MaterialX_v1_39_6::Element::getActiveColorSpace	0.013436	0.013436	0.0	0.0	CpuHotPaths.exe	MaterialX_v1_39_6::Element::getActiveColorSpace(void)	Element.h	0x140164260
std::basic_string<char,std::char_traits<char>,std::allocator<char> >::{dtor}	0.013401	0.013401	0.0	0.0	CpuHotPaths.exe	std::basic_string<char,std::char_traits<char>,std::allocator<char> >::{dtor}	xstring	0x1401666d9
MaterialX_v1_39_6::Element::getChildOfType<class MaterialX_v1_39_6::GeomPropDef>	0.012861	0.012861	0.0	0.0	CpuHotPaths.exe	MaterialX_v1_39_6::Element::getChildOfType<class MaterialX_v1_39_6::GeomPropDef>(class std::basic_string<char,struct std::char_traits<char>,class std::allocator<char> > const &)	Element.cpp	0x14019d790
